group,pathway,fgsea.FDR,fgsea.ES,fgsea.NES,fgsea.size,fgsea.FC,fgsea.leadingEdge,gage.FDR,gage.geomean,gage.statmean,gage.size,gage.FC
TBinLTBI,HALLMARK_ADIPOGENESIS,0.06523304866755839,-0.2811352091003304,-1.2588368644713623,180,down,ITSN1;SCARB1;CD36;COL15A1;SLC19A1;IDH1;SLC27A1;SLC25A10;CAT;IFNGR1;CD302;RREB1;SULT1A1;UCP2;CMBL;DRAM2;VEGFB;FAH;HADH;TST;PPARG;COQ3;ACADS;CRAT;ESYT1;ALDH2;PEMT;ECH1;REEP6;NDUFS3;RMDN3;NDUFB7;CHCHD10;AIFM1;RETSAT;GPAM;SCP2;MGST3;QDPR;BCKDHA;ECHS1;MCCC1;SAMM50;PHYH;IDH3G;ESRRA;CD151;CYC1;UQCRC1;UQCR10;SDHB;REEP5;COQ5;HIBCH;OMD;RTN3;MDH2;CDKN2C;DHRS7B;DBT;ACAA2;COQ9;TKT;SUCLG1;PRDX3;PREB;LEP;MRPL15;ETFB,0.29343256816637486,0.017386726806048775,-2.1190818593828626,180,down
TBinLTBI,HALLMARK_ALLOGRAFT_REJECTION,4.123473284016593e-5,0.6177541711363741,2.184292397806839,181,up,INHBA;IL6;IL1B;CCL4;EREG;TNF;IFNG;LIF;CSF1;IL2RA;IL7;SOCS1;CXCL9;IL12B;DYRK3;STAT4;IL2;CD80;ICAM1;RIPK2;GBP2;ACHE;CXCL13;CCL22;IL15;CD40;FASLG;CD7;GZMB;HDAC9;TAP1;IL18RAP;ITK;CCL19;IRF4;SRGN;CCL5;HLA-DOB;IL12A;FAS;FGR;TLR2;HIF1A;IL2RG;CCND2;IRF7;CDKN2A;PRF1;CD96;F2R;CCR5;PF4;BCL3;LY75;TLR3;NCR1;LCP2;CD247;CD8A;ETS1;CD79A;TRAT1;CD2;CCL7;IL2RB;IL10;CD8B;TPD52;CD40LG;TAP2;IRF8;ICOSLG;CD3E;TRAF2;ABI1,1.0206142980189428e-6,1.224737157622734e-7,5.293931732696706,181,up
TBinLTBI,HALLMARK_ANDROGEN_RESPONSE,0.08786518777591626,0.4163263471000549,1.3648263584963498,89,up,NKX3-1;STEAP4;ARID5B;TNFAIP8;PLPP1;ZBTB10;INSIG1;NDRG1;LIFR;PMEPA1;TSC22D1;AKAP12;CCND1;UAP1;HPGD;B4GALT1;HMGCS1;DNAJB9;SAT1;TPD52;ITGAV;ELOVL5;UBE2J1;SLC38A2;KRT8;RPS6KA3;CENPN,0.161328493005853,0.07421110678269231,1.4515833211451776,89,up
TBinLTBI,HALLMARK_ANGIOGENESIS,0.006741648782570591,0.6629413816960483,1.7697299468994525,26,up,JAG1;PDGFA;CXCL6;SPP1;VEGFA;OLR1;FSTL1;PRG2;LPL;CCND2;PF4;FGFR1;ITGAV,0.020645711062802323,0.007019541761352796,2.553478029845558,26,up
TBinLTBI,HALLMARK_APICAL_JUNCTION,0.15750979789312647,0.3579861058431871,1.2414451512062552,146,up,TRAF1;CD274;ICAM1;VCAM1;CDH1;ACTN2;FSCN1;INSIG1;AKT3;LAMB3;LAYN;ITGA3;IRS1;RHOF;TJP1;SRC;ICAM5;NEXN;MDK;MYL9;AMIGO2;LAMC2;CD276;B4GALT1;MAPK11;TMEM8B;MPZL1;CLDN14;NLGN2;LAMA3;SGCE;GNAI1;FBN1;TRO;ATP1A3;RAC2;VAV2;NRXN2;PARD6G;PTK2;PCDH1;MPZL2;EVL;ICAM2;WASL;COL17A1;SLIT2;SPEG;ICAM4;PLCG1;VASP;MYH10,0.18664597628290255,0.0970559076671093,1.3015287426005586,146,up
TBinLTBI,HALLMARK_APICAL_SURFACE,0.01122420967364596,0.6121265875068421,1.7002149097716517,32,up,RHCG;LYPD3;PLAUR;MDGA1;IL2RG;GSTM3;EFNA5;B4GALT1;GATA3;IL2RB;TMEM8B;MAL,0.07453154982567452,0.02981261993026978,1.9202034329232627,32,up
TBinLTBI,HALLMARK_APOPTOSIS,4.123473284016593e-5,0.6023017395892465,2.095442881510435,151,up,IL6;IL1A;IL1B;EREG;TNF;CCNA1;IER3;IFNB1;EGR3;GCH1;PMAIP1;SOD2;ATF3;ISG20;CD69;FEZ1;GADD45B;IRF1;GPX3;BIRC3;CDKN1A;BTG3;TNFSF10;GADD45A;FASLG;CAV1;CD44;TAP1;JUN;CASP4;FAS;RELA;CFLAR;MCL1;CCND2;PRF1;NEDD9;BTG2;F2R;CD38;CYLD;CCND1;WEE1;CLU;HMGB2;CD2;SAT1;SMAD7;CASP1;TGFBR3;CASP7;XIAP;PEA15;PLAT;BCL2L11;PDCD4;LEF1;ENO2;SQSTM1;PDGFRB;PSEN1;EMP1;BID;DNAJA1,2.7347284554321445e-5,4.922511219777865e-6,4.5193569132057245,151,up
TBinLTBI,HALLMARK_BILE_ACID_METABOLISM,0.31358337369196504,-0.27372029182021773,-1.0939238660122959,83,down,SLC29A1;TFCP2L1;IDH1;KLF1;PEX11G;ALDH1A1;SLC23A2;IDH2;CAT;HSD17B4;RXRA;PECR;PEX11A;NUDT12;DHCR24;SLC22A18;RBP1;CROT;AMACR;RETSAT;FADS1;SCP2;ABCD3;DIO1;FDXR;PHYH;FADS2;PXMP2;PEX6;PIPOX;PRDX5;LONP2;PFKM;HSD17B11;EFHC1;MLYCD;GNPAT;SLC27A5,0.9445095602568713,0.13223133843596194,-1.1198172138730977,83,down
TBinLTBI,HALLMARK_CHOLESTEROL_HOMEOSTASIS,0.1448462490314672,0.4151412917898776,1.3113026697258374,68,up,ATF3;JAG1;PLAUR;PNRC1;LSS;ERRFI1;LPL;ALCAM;FBXO6;CLU;ANXA5;HMGCS1;LDLR;CXCL16;PLSCR1;CPEB2;GNAI1;NFIL3;SEMA3B;STARD4;ACAT2;ANTXR2,0.27153292012941277,0.17921172728541235,0.9215579342956203,68,up
TBinLTBI,HALLMARK_COAGULATION,0.019581984141838482,0.45208344053826294,1.5166644414272878,107,up,F3;MMP1;MMP10;SERPINB2;MAFF;SERPINE1;TFPI2;ITGB3;HPN;OLR1;PLEK;MMP3;MMP7;FYN;CFB;CFH;MMP14,0.08654699445060085,0.03634973766925234,1.8049020013345145,107,up
TBinLTBI,HALLMARK_COMPLEMENT,4.123473284016593e-5,0.5163070081726151,1.8275904754302745,183,up,IL6;F3;CXCL1;DUSP5;CASP5;SERPINB2;MAFF;TNFAIP3;PLAUR;SERPINE1;TFPI2;IRF1;EHD1;PIM1;CD55;KYNU;ACTN2;ZFPM2;PCLO;GZMB;OLR1;PLEK;FYN;CFB;CFH;MMP12;ZEB1;CASP4;CCL5;SRC;MMP14;RASGRP1;F5;CR2;HSPA1A;IRF7;CEBPB;DOCK9;DGKH;GNG2;CLU;COL4A2;LCP2;ANXA5;GATA3;GP1BA;GZMK;APOBEC3F;TMPRSS6;CASP1;CASP7;PLSCR1;SPOCK2;CD40LG;APOBEC3G;PLAT;C1R,0.0024616674110305783,6.530516685569515e-4,3.2434564947689513,183,up
TBinLTBI,HALLMARK_DNA_REPAIR,0.8898493209020814,-0.20382230334887627,-0.888157764562614,145,down,CDA;SAC3D1;TK2;NME4;ERCC2;POLD1;PRIM1;MRPL40;TARBP2;ZWINT;NME3;POLR3GL;PCNA;MPG;POLB;PDE6G;TAF6;SMAD5;REV3L;ERCC8;RFC4;NME1;ERCC1;NELFB;POLR2I;ERCC5;SURF1;SNAPC5;AAAS;ERCC4;CLP1;GMPR2;NUDT9;SNAPC4;BOLA2;APRT;POLE4;POLR2E;POLR2J;RFC2;POLR2G;AGO4;TP53,0.4246442298503573,0.04357885717471586,-1.7173967330632314,145,down
TBinLTBI,HALLMARK_E2F_TARGETS,0.9993194889581596,0.2041395607379008,0.7249281564199982,190,up,ESPL1;NBN;CDKN1A;CKS2;LMNB1;SPAG5;EZH2;CDK1;CDKN2A;UBE2S;BRCA2;PTTG1;RRM2;WEE1;HMGB2;MYBL2;TFRC;CDKN3;MTHFD2;BIRC5;NAP1L1;RAD21;CHEK1;DIAPH3;MKI67;TRA2B;PSMC3IP;HELLS;DEK;GINS4;MAD2L1;SRSF2;KIF4A;MYC;CDC25A;HMMR;CDKN1B;DLGAP5;SPC24;KPNA2;CENPM;IPO7;KIF2C;NUP153;MLH1;HMGB3;RAN;ING3;RPA2;WDR90,0.8749924347880296,0.7524934939177054,-0.6830861003274441,190,up
TBinLTBI,HALLMARK_EPITHELIAL_MESENCHYMAL_TRANSITION,4.123473284016593e-5,0.6146515246323492,2.1430579582634546,154,up,INHBA;IL6;AREG;MMP1;CXCL1;GEM;CXCL8;TNC;GREM1;PTX3;DPYSL3;TNFAIP3;PLAUR;CXCL6;FERMT2;SPP1;SERPINE1;TFPI2;ITGB3;GADD45B;NT5E;SDC4;IL15;VCAM1;WNT5A;COL1A1;GADD45A;VEGFA;PLOD2;SERPINE2;FSTL1;MMP3;CD44;CALD1;JUN;FAS;PDLIM4;MMP14;PMEPA1;IL32;SGCD;CTHRC1;MYL9;FZD8;IGFBP3;COL6A2;COL4A2;SGCB;LAMC2;ACTA2;OXTR;COL5A3;SAT1;ADAM12;FGF2;TGFBR3;GPC1;ITGAV;ID2;MATN2;LAMA3;COL7A1;ENO2;VIM;FBN1;PDGFRB;GJA1,6.0822304827537715e-6,8.5151226758553e-7,4.910276134848096,154,up
TBinLTBI,HALLMARK_ESTROGEN_RESPONSE_EARLY,0.008521743017758755,0.43082553583437955,1.513730652712862,168,up,AREG;HES1;EGR3;PMAIP1;CA12;LAD1;TTC39A;SLC7A5;SLC27A2;KCNK5;PTGES;NAV2;MREG;BHLHE40;RHOBTB3;CD44;KLF4;SLC2A1;TBC1D30;MUC1;TSKU;LRIG1;BCL2;RASGRP1;TMPRSS3;HR;SH3BP5;KLF10;TIPARP;CISH;SVIL;GLA;TFAP2C;ENDOD1;CCND1;ABLIM1;MYOF;SLC24A3;SLC19A2;XBP1;PPIF;B4GALT1;SLC37A1;UGCG;SYBU;FOXC1;MPPED2;TPBG;MAST4;ELOVL5;AQP3;FRK;GJA1;ADCY9;DYNLT3;DLC1;KRT8;SEMA3B;TPD52L1;MYBL1;RBBP8;TGM2;DHRS2;KRT18;SLC1A1;JAK2;BCL11B;CLIC3,0.024304751722578302,0.009235805654579758,2.368362463031342,168,up
TBinLTBI,HALLMARK_ESTROGEN_RESPONSE_LATE,0.006741648782570591,0.43911107032352015,1.5371409779973522,161,up,AREG;CCNA1;DUSP2;CKB;EGR3;CA12;ISG20;TFPI2;EMP2;SLC7A5;SLC27A2;KCNK5;CDH1;BTG3;CYP4F11;PTGER3;PTGES;CAV1;SNX10;ZFP36;CD44;TSPAN13;KLF4;GAL;PERP;TPSAB1;BCL2;TMPRSS3;HR;CISH;GLA;MDK;TFAP2C;CCND1;MYOF;SLC24A3;LAMC2;XBP1;PPIF;FOXC1;TPBG;ID2;PRLR;BATF;ELOVL5;PDCD4;JAK1;FRK;ST6GALNAC2,0.02362941569983368,0.008506589651940118,2.4001887434477034,161,up
TBinLTBI,HALLMARK_FATTY_ACID_METABOLISM,0.07658667925779779,-0.29494855680777315,-1.2723927486754771,135,down,CD1D;CD36;TDO2;IDH1;NTHL1;ALAD;ALDH1A1;YWHAH;HSD17B4;ALDH3A2;SLC22A5;APEX1;HADH;MCEE;ACADS;CRAT;DHCR24;UROS;EHHADH;ECH1;CPOX;CBR1;REEP6;GLUL;HSDL2;ACOT8;RETSAT;BCKDHB;CPT1A;CA2;METAP1;GCDH;ECHS1;PDHB;ERP29;ACAA1;IDH3G;ACSS1;RAP1GDS1;HSD17B10;PCBD1;UROD;ECI2;SUCLG2;RDH11;GRHPR;HIBCH;CRYZ;IDH3B;PPARA;BLVRA;MDH2;MDH1;SUCLA2;GSTZ1,0.4246442298503573,0.05095730758204281,-1.6413277151653423,135,down
TBinLTBI,HALLMARK_G2M_CHECKPOINT,0.26137566429248715,0.3227418821524329,1.1436687109283326,185,up,MT2A;ESPL1;SLC7A5;CKS2;LMNB1;DMD;NDC80;EZH2;PML;CDK1;HIF1A;EFNA5;SLC7A1;UBE2S;BRCA2;PTTG1;BCL3;CCND1;SLC38A1;SMAD3;EGF;MYBL2;CDKN3;BIRC5;RASAL2;TOP1;ODC1;SFPQ;RAD21;CHEK1;UBE2C;CDC45;MKI67;TRA2B;EXO1;CUL1;MNAT1;RAD54L;MARCKS;MAD2L1;CCNT1;SRSF2;KIF4A;E2F3;MYC;NUP98;CDC25A;HMMR;YTHDC1;CDKN1B;CCNA2;NEK2;KPNA2;ATF5;KPNB1;EWSR1;KIF2C;SRSF10;HMGB3,0.27153292012941277,0.17676883221574635,0.9289958349577552,185,up
TBinLTBI,HALLMARK_GLYCOLYSIS,0.6899717569071091,0.2685736425496489,0.9451529310995596,171,up,MET;IER3;AK4;ISG20;NT5E;HOMER1;TXN;CHST2;VEGFA;TGFA;DDIT4;PLOD2;CD44;EGLN3;ANGPTL4;CDK1;GPC4;PFKP;CHST12;IGFBP3;DLD;B4GALT1;P4HA2;GPC1;TPBG;PAM;SDC2;TKTL1;CACNA1H;ENO2;IRS2,0.784566281695539,0.6020089006346527,-0.25875593073146846,171,up
TBinLTBI,HALLMARK_HEDGEHOG_SIGNALING,0.021860999223557612,0.6064142814469277,1.643265160987256,28,up,HEY1;NRCAM;ETS2;ACHE;VEGFA;TLE1;PML,0.17496373925336492,0.08748186962668247,1.3782750858053516,28,up
TBinLTBI,HALLMARK_HEME_METABOLISM,0.8850547677564677,0.24232252098132315,0.8514143135496409,168,up,SPTA1;SLC7A11;MAP2K3;GCLM;SLC25A37;SLC2A1;SLC6A9;OPTN;BACH1;TMCC2;RHD;ASNS;BTG2;CIR1;NR3C1;ENDOD1;IGSF3;TSPAN5;GATA1;P4HA2;TFRC;SLC11A2;FOXO3;ACSL6;ADD2;AQP3;SMOX;TOP1;ADIPOR1;C3;LRP10;ANK1;USP15;AGPAT4;HBB;GYPC;RNF19A;BPGM;PRDX2,0.8303877149835315,0.680917926286496,-0.47070314842154426,168,up
TBinLTBI,HALLMARK_HYPOXIA,4.123473284016593e-5,0.5784971381241057,2.031069141802018,167,up,IL6;F3;IER3;MT2A;AK4;HAS1;MAFF;CA12;ATF3;TNFAIP3;PLAUR;ISG20;DUSP1;SERPINE1;SDC4;PNRC1;PIM1;NOCT;SLC2A3;AMPD3;ADM;BTG1;CDKN1A;PPP1R15A;CHST2;VEGFA;FOSL2;DDIT4;CAV1;BHLHE40;ERRFI1;ZFP36;PLAC8;NDRG1;CSRP2;PFKFB3;JUN;PDK1;SLC2A1;ACKR3;BCL2;ANGPTL4;KLF6;NEDD4L;AKAP12;GPC4;TIPARP;RORA;GBE1;PFKP;NR3C1;IGFBP3;EFNA1;ETS1;P4HA2;FOXO3;TPD52;GPC1;TPBG;PAM;SLC2A5;CDKN1C;SDC2;TKTL1;ENO2;IRS2;MT1E;NFIL3,2.2626633953457482e-5,3.620261432553185e-6,4.571516503145324,167,up
TBinLTBI,HALLMARK_IL2_STAT5_SIGNALING,4.123473284016593e-5,0.6157025680471941,2.1826879593561483,186,up,CSF2;TNFRSF4;LIF;CXCL10;TRAF1;CSF1;IL2RA;TNFRSF18;SOCS1;GBP4;MAFF;CD83;NFKBIZ;TNFRSF9;IL1RL1;SPP1;RGS16;GADD45B;NT5E;PIM1;IL3RA;SOCS2;SLC2A3;SCN9A;IL18R1;SLC39A8;PLPP1;TNFSF10;NCS1;DENND5A;ICOS;CTLA4;BHLHE40;RHOH;ST3GAL4;CD44;NDRG1;CCR4;DRC1;MUC1;ADAM19;BATF3;IRF4;CST7;TTC39B;LRIG1;BCL2;KLF6;ALCAM;ABCB1;SELL;CCND2;MAP3K8;CKAP4;SMPDL3A;GABARAPL1;SELP;CISH;SNX9;RORA;PRKCH;P2RX4;SH3BGRL2;COCH;IKZF2;CD48;XBP1;GATA1;IL2RB;CDC42SE2;IL10;IL10RA;ITGAV;PLSCR1;GLIPR2;IRF8;IRF6;MXD1;BATF;CDKN1C;ARL4A;COL6A1;NFIL3;MAP6;ODC1;EMP1;TWSG1;CASP3;ETV4;RABGAP1L;IL1R2;HIPK2;HK2;GSTO1,2.2535924542345127e-7,2.2535924542344992e-8,5.606512465802947,186,up
TBinLTBI,HALLMARK_IL6_JAK_STAT3_SIGNALING,4.123473284016593e-5,0.7231290075164049,2.3453359913373717,82,up,CSF2;IL6;IL1B;CXCL1;TNF;CXCL3;SOCS3;CXCL11;CXCL10;CSF1;IL2RA;EBI3;IL7;SOCS1;CXCL9;IL15RA;CRLF2;ITGB3;CXCL13;IRF1;PIM1;IL3RA;IL18R1;PTPN1;CD44;JUN;FAS;TLR2;IL9R;IL2RG;MAP3K8;CD38;PF4;CSF2RA;PTPN2;OSMR,6.0578668370167895e-5,1.3327307041436885e-5,4.389163176486919,82,up
TBinLTBI,HALLMARK_INFLAMMATORY_RESPONSE,4.123473284016593e-5,0.7724724541769586,2.738442897865424,186,up,INHBA;CCL20;CSF3;IL6;IL1A;IL1B;F3;TNFAIP6;EREG;CXCL8;LIF;CXCL11;CXCL10;IRAK2;CSF1;EDN1;TNFSF9;OSM;MET;EBI3;ITGB8;PDE4B;CXCL9;RGS1;GCH1;IL12B;NAMPT;SLC1A2;LAMP3;TNFSF15;SLAMF1;TNFRSF9;IL15RA;IL7R;ICAM1;PLAUR;CXCL6;NFKBIA;CD69;RIPK2;SCN1B;RGS16;P2RX7;SERPINE1;ITGB3;HBEGF;IRF1;RNF144B;HAS2;CCR7;GPR132;CCL22;NFKB1;IL15;KCNJ2;CD40;CD55;CCRL2;AQP9;ADM;CALCRL;CDKN1A;LTA;IL18R1;ATP2B1;TNFSF10;CCL24;HPN;CHST2;SCARF1;IFITM1;PTGER4;CD70;ADGRE1;CCL17;OLR1;NDP;RTP4;IL18RAP;KCNA3;CCL5;RELA;MMP14;RASGRP1;KLF6;TLR2;HIF1A;SELL;FFAR2;IRF7;SPHK1;SLC7A1;PTGIR;BTG2;SLC31A2;P2RX4;CD48;TLR3;OSMR;CD82;LCP2;GP1BA;CCL7;IL2RB;SLC11A2;LDLR;IL10;MEFV;IL10RA;LPAR1;ATP2C1;TPBG,1.8169476604163235e-19,7.267790641665366e-21,10.120979730364073,186,up
TBinLTBI,HALLMARK_INTERFERON_ALPHA_RESPONSE,4.123473284016593e-5,0.7051446868856747,2.3313829577209613,95,up,CXCL11;CXCL10;CSF1;IL7;GBP4;LAMP3;ISG20;RIPK2;RSAD2;GBP2;IFIT2;IRF1;IL15;CCRL2;OASL;IFITM1;IFIT3;HELZ2;ISG15;CMPK2;USP18;RTP4;TAP1;TMEM140;SAMD9L;IFIH1;TRIM25;BATF2;HERC6;SELL;SAMD9;IRF7;IFI44L;SLC25A28;TRAFD1;NCOA7;PARP14;TDRD7;DHX58;NUB1;MX1;TRIM21;DDX60;IFI44;CASP1;PLSCR1;PNPT1;TRIM5;SP110;PARP12;NMI;PSMB9;EIF2AK2;PSMA3;MOV10;UBE2L6;EPSTI1;IFITM2;STAT2;PARP9;OAS1;OGFR;IRF9;C1S,1.0154509346058616e-9,8.123607476846818e-11,6.7783805216594235,95,up
TBinLTBI,HALLMARK_INTERFERON_GAMMA_RESPONSE,4.123473284016593e-5,0.698866391667073,2.49013521417281,198,up,IL6;PTGS2;TNFAIP6;IDO1;SOCS3;CXCL11;CXCL10;CD274;IL7;MT2A;SOCS1;PDE4B;CXCL9;GBP4;GCH1;NAMPT;SLAMF7;SOD2;IL15RA;STAT4;TNFAIP3;ICAM1;ISG20;NFKBIA;CD69;RIPK2;RSAD2;IFIT2;IRF1;NFKB1;IL15;PIM1;CD40;VCAM1;TNFAIP2;BTG1;CDKN1A;ARID5B;TNFSF10;UPP1;OASL;ZBP1;IFIT3;PTPN1;HELZ2;ISG15;CMPK2;USP18;RTP4;TAP1;CFB;CFH;DDX58;P2RY14;ZNFX1;CASP4;XCL1;IRF4;APOL6;CCL5;GBP6;FAS;PML;SAMD9L;IFIH1;TRIM25;AUTS2;BATF2;HIF1A;HERC6;SSPN;IFIT1;IRF7;IFI44L;SLC25A28;TRAFD1;SELP;CD38;PFKP;NLRC5;PTPN2;PARP14;TDRD7;DHX58;LCP2;MX1;TRIM21;CCL7;IL2RB;DDX60;IFI44;CASP1;IL10RA;CASP7;MX2;PLSCR1;PNPT1;KLRK1;MTHFD2;SP110;PARP12;IRF8;NMI;BANK1;C1R;OAS2;ARL4A;PSMB9;STAT3;ISOC1;EIF2AK2;PSMA3;GZMA;CASP3;RIPK1;PELI1;RNF213;XAF1;UBE2L6;BPGM;EPSTI1;IFITM2;STAT2;PSMA2;RAPGEF6;LATS2;OAS3;JAK2;OGFR;IRF9;C1S,7.96297027469136e-17,4.7777821648148535e-18,9.073788107056485,198,up
TBinLTBI,HALLMARK_KRAS_SIGNALING_DN,4.123473284016593e-5,0.5658087352113134,1.882497447614265,100,up,NR4A2;IFNG;EDN1;CCNA1;IL12B;SERPINB2;CD80;LYPD3;RSAD2;GPR3;KCNN1;PDCD1;CHST2;KRT5;SYNPO;SIDT1;GPR19;TCF7L1;IFI44L;TG;BTG2;GPRC5C;SNN;ITIH3;MX1;UPK3B;EGF;GP1BA;NOS1;MEFV;CD40LG;KCND1;SPTBN2;ENTPD7;EDAR;PTPRJ;ITGB1BP2,0.0024616674110305783,6.89266875088562e-4,3.250063079276569,100,up
TBinLTBI,HALLMARK_KRAS_SIGNALING_UP,4.123473284016593e-5,0.6101774782708448,2.134707864446889,160,up,INHBA;CSF2;CCL20;IL1B;PTGS2;EREG;G0S2;LIF;CXCL10;TRAF1;MMP10;HSD11B1;IL7R;TNFAIP3;PLAUR;SPP1;SCN1B;RGS16;HBEGF;SCG5;BIRC3;USP12;PPP1R15A;GFPT2;TNNT2;TFPI;GADD45G;KCNN4;HDAC9;TSPAN13;KLF4;CFB;CFH;SPON1;ANGPTL4;ABCB1;PRDM1;ADAM17;IL2RG;CCND2;YRDC;AKAP12;ZNF277;ALDH1A2;GALNT3;CSF2RA;IGFBP3;KIF5C;GNG11;ETS1;IGF2;PCSK1N;TRIB2;FGF9;IL10RA;TLR8;ID2;CCSER2;IRF8;PLAT;PDCD1LG2;TRIB1;PLVAP;NAP1L2,5.264516909305532e-5,1.052903381861107e-5,4.343377861435645,160,up
TBinLTBI,HALLMARK_MITOTIC_SPINDLE,0.9977520249523829,0.21102192557266697,0.7505284249400509,194,up,CDC42EP2;ESPL1;FSCN1;LMNB1;SYNPO;NDC80;RHOF;CDK1;PALLD;NEDD9;BRCA2;CDC42EP4;NET1;PCGF5;SOS1;BIRC5;RASAL2;NCK2;BCL2L11;RAPGEF5;ARHGEF3;ABI1;PPP4R2;CENPJ;KIF1B;PKD2;ARAP3;RICTOR;DOCK4;ARHGAP5;RAPGEF6;CYTH2;CDK5RAP2;MARCKS;ARHGEF2;KIF4A;PLEKHG2;WASL;WASF1;NEK2;UXT;DLGAP5;MYH10,0.7394293091916847,0.5471776888018467,-0.1186195664142969,194,up
TBinLTBI,HALLMARK_MTORC1_SIGNALING,0.17356497667314444,0.3372650826476853,1.1995295303078692,194,up,AK4;NAMPT;SLC7A5;SLC7A11;SLC2A3;CDKN1A;PPP1R15A;MAP2K3;DDIT4;INSIG1;PLOD2;BHLHE40;EGLN3;PDK1;SLC2A1;TXNRD1;PSAT1;SYTL2;IFRD1;ASNS;BTG2;GLA;PPA1;GBE1;RRM2;XBP1;RIT1;NFKBIB;TBK1;HMGCS1;TFRC;LDLR;EDEM1;MLLT11;DAPP1;MTHFD2;ELOVL5;MTHFD2L;SQSTM1;NFIL3;PSMA3;PITPNB;STARD4,0.2591911284718152,0.15569846506487994,1.0136287942001803,194,up
TBinLTBI,HALLMARK_MYC_TARGETS_V1,0.9993194889581596,0.16824498192570936,0.5983863569915491,194,up,IFRD1;PSMA6;HNRNPC;ODC1;NAP1L1;YWHAQ;DDX21;CDC45;TRA2B;PSMA1;PSMA2;CUL1;UBE2E1;DEK;MAD2L1;SRSF2;RPL34;MYC;RPS3;ETF1;PABPC4;EEF1B2;UBA2;CCNA2;HNRNPA1;RPS6;RPL14;SRSF3;EIF2S2;PSMA4;DHX15;HPRT1;RPS2;KPNA2;RPS5;VDAC1;KPNB1;EIF3J;RAN;RPS10;LDHA;PSMD7;CDK2;RPLP0;ILF2;NPM1;RPL18;PSMC6;HNRNPA2B1;SNRPD2;NOLC1;BUB3;EIF4G2;G3BP1;EIF4A1;PABPC1;TYMS;PSMD14;PSMD8;RPL22;TCP1;RPL6;FBL;SMARCC1;U2AF1;MCM7;EIF4E;EIF1AX;SNRPB2;PSMD1;SRPK1;SF3A1;PPIA;IMPDH2;SNRPG;HNRNPU;TFDP1,0.8749924347880296,0.7413268999692925,-0.6483584245686342,194,up
TBinLTBI,HALLMARK_MYC_TARGETS_V2,0.09933567962681437,-0.35349439995565524,-1.323280133178135,58,down,SLC19A1;SORD;EXOSC5;DCTPP1;TMEM97;MAP3K6;RRP9;PHB;FARSA;MCM4;NDUFAF4;PPAN;BYSL;NOP2;PUS1;RABEPK;AIMP2;SRM;NOP16;MYBBP1A;UNG;MCM5;PLK1;TCOF1;IMP4;MRTO4;LAS1L;WDR43;UTP20;CBX3;PLK4;NOP56;CDK4,0.29343256816637486,0.01760595408998248,-2.1327240916526997,58,down
TBinLTBI,HALLMARK_MYOGENESIS,0.02998802386074115,0.41584891173593164,1.4367777139713385,141,up,CKB;KLF5;ACHE;GADD45B;HBEGF;ACSL1;GPX3;CDKN1A;ACTN2;COL1A1;TNNT2;CNN3;NAV2;BHLHE40;SORBS1;DMD;MYBPH;SSPN;DMPK;SPHK1;IFRD1;SVIL;PDE4DIP;SGCD;ABLIM1;IGFBP3;COL6A2;CLU;COL4A2;RIT1;MYH11;AK1;NOS1;PKIA;ADAM12;FGF2,0.10085028989084233,0.0443741275519706,1.7080794796850693,141,up
TBinLTBI,HALLMARK_NOTCH_SIGNALING,0.14239493484386848,0.5000534705014096,1.3733806883973585,30,up,HES1;JAG1;WNT5A;FZD7;NOTCH3;DLL1;TCF7L2;CCND1;DTX2,0.2591911284718152,0.16069849965252547,1.0008340291506037,30,up
TBinLTBI,HALLMARK_OXIDATIVE_PHOSPHORYLATION,3.2932869638528824e-4,-0.42694835371022,-1.9155392448265876,183,down,PDK4;IDH1;IDH2;MRPL34;SLC25A20;MRPL35;ECH1;FXN;NDUFS3;RHOT1;NNT;NDUFS7;NDUFB7;ATP6V0C;AIFM1;MRPS12;RETSAT;MGST3;NDUFS8;CPT1A;TIMM13;BCKDHA;ECHS1;MRPL11;MRPS15;PDHB;GLUD1;ACAA1;PHYH;IDH3G;CYC1;UQCRC1;HSD17B10;ACAT1;UQCR10;SDHB;MPC1;ACADSB;SLC25A11;OXA1L;PDP1;COX5A;UQCRC2;IDH3B;COX5B;MDH2;MDH1;COX11;SUCLA2;TOMM22;SURF1;NDUFA8;NDUFB1;ACAA2;COX15;ALDH6A1;MRPS11;NDUFA3;NDUFS2;TCIRG1;HADHB;SUCLG1;NQO2;NDUFS6;TIMM9;PRDX3;MRPL15;ETFB;COX10;MTRF1;HADHA;ISCU;GOT2;ATP6AP1;DLAT;NDUFV1;PMPCA;TIMM50;SLC25A12;NDUFB5;NDUFA2;TIMM8B;NDUFAB1;AFG3L2;ATP6V0E1;SDHD;LRPPRC;NDUFB3;NDUFB2;NDUFS1;ETFA;HCCS;NDUFC2,3.58973883866489e-4,7.1794776773297904e-6,-4.42116098880091,183,down
TBinLTBI,HALLMARK_P53_PATHWAY,4.123473284016593e-5,0.5087714168601365,1.8001424137204987,182,up,IL1A;LIF;TNFSF9;IER3;TM4SF1;SOCS1;RRAD;ATF3;PDGFA;RGS16;HBEGF;PLK3;SLC7A11;BTG1;CDKN1A;RNF19B;PPP1R15A;UPP1;GADD45A;PLK2;TGFA;DDIT4;KLF4;TAP1;NDRG1;DRAM1;CDKN2B;IER5;JUN;TCHH;PERP;FAS;NINJ1;ZNF365;TSC22D1;CCND2;TSPYL2;OSGIN1;SPHK1;CDKN2A;TRAFD1;BTG2;F2R;DNTTIP2;TRAF4;SLC19A2;CD82;RHBDF2;SAT1;AK1;ADA;AEN;CASP1;FOXO3;CSRNP2;MXD1;ABHD4;MDM2;STOM;EPS8L2;SLC3A2,0.004475621386155806,0.0013426864158467397,3.0247819472042456,182,up
TBinLTBI,HALLMARK_PANCREAS_BETA_CELLS,0.9074850878617993,0.2935163763112221,0.7161822348710597,17,up,AKT3;INSM1;VDR,0.8010481291763929,0.6408385033411144,-0.36398320028955533,17,up
TBinLTBI,HALLMARK_PEROXISOME,0.08313151116749316,-0.32100672351855486,-1.3040805179569903,91,down,ABCC5;IDH1;DHRS3;ALDH1A1;SLC23A2;IDH2;CAT;YWHAH;CLN6;HSD17B4;SLC25A19;PEX11A;CRAT;TSPO;DHCR24;EHHADH;ECH1;NUDT19;STS;ACOT8;RETSAT;FADS1;SCP2;MSH2;ABCD3;DIO1;ACAA1;CNBP;CTBP1;PEX11B;ECI2;RDH11;DLG4;PEX6,0.4246442298503573,0.04851506172002481,-1.6681249244033138,91,down
TBinLTBI,HALLMARK_PI3K_AKT_MTOR_SIGNALING,0.359672027291295,0.33467131093012614,1.1018350877689949,92,up,CDKN1A;MAP2K3;FASLG;MAPK10;PLCB1;PDK1;SLC2A1;CDK1;IL2RG;RIT1;NFKBIB;TBK1;CAMK4;DAPP1;TRAF2;SQSTM1;RPS6KA3;RIPK1;AKT1S1;MAPK8;UBE2D3;STAT2,0.44255123571673227,0.31863688971604714,0.4723632119603577,92,up
TBinLTBI,HALLMARK_PROTEIN_SECRETION,0.9993194889581596,0.18606127961423025,0.611547473339949,91,up,CAV2;SSPN;GLA;ARFGAP3;TPD52;PAM;ABCA1;ATP6V1H;KIF1B;RPS6KA3;BET1;KRT18;RAB5A;USO1;STX12;ATP1A1;BNIP3;GOLGA4;SEC22B;YIPF6;NAPA;SOD1;LMAN1;DST;ARF1;TSG101;ARCN1;AP2B1;AP1G1;STX16;VPS4B;ARFGEF1;TMX1;MON2;RAB22A,0.784566281695539,0.6119616997225203,-0.2849853024299436,91,up
TBinLTBI,HALLMARK_REACTIVE_OXYGEN_SPECIES_PATHWAY,0.16337871649520422,0.43661700806144166,1.3000688138019463,47,up,SOD2;GPX3;TXN;GCLM;JUNB;SRXN1;TXNRD1;SBNO2;PFKP;MGST1;IPCEF1;NQO1;ABCC1;PDLIM1;OXSR1;PRDX2,0.2374958539491744,0.13299767821153766,1.1192097389650817,47,up
TBinLTBI,HALLMARK_SPERMATOGENESIS,0.16337871649520422,0.38749333013664167,1.2606346161682058,84,up,CCNA1;SCG5;IL12RB2;HSPA2;EZH2;CDK1;GSTM3;GFI1;MLF1;CLGN;ADCYAP1;PCSK1N;NOS1;CAMK4;CDKN3;SLC2A5;ARL4A;TSSK2;TKTL1,0.3293910050471265,0.22398588343204606,0.7606236069946591,84,up
TBinLTBI,HALLMARK_TGF_BETA_SIGNALING,0.16337871649520422,0.42561326243573927,1.2925607063319062,53,up,SERPINE1;CDH1;PPP1R15A;JUNB;TJP1;PMEPA1;KLF10;BCAR3;SMAD3;SMAD7;ID1;XIAP;ID2;ARID4B;CDKN1C;TGIF1;HIPK2;UBE2D3;SKIL;THBS1;BMP2;SMURF1,0.2591911284718152,0.1571310356934445,1.0112444255291577,53,up
TBinLTBI,HALLMARK_TNFA_SIGNALING_VIA_NFKB,4.123473284016593e-5,0.8625301444775664,3.074542451610609,199,up,INHBA;CSF2;CCL20;IL6;IL1A;IL1B;F3;PTGS2;AREG;CCL4;TNFAIP6;G0S2;CXCL1;GEM;IL23A;TNF;FOSB;NR4A1;NR4A2;LIF;CXCL2;CXCL3;SOCS3;CXCL11;CXCL10;TRAF1;CSF1;EDN1;TNFSF9;DUSP5;DUSP2;HES1;TNC;IER3;NR4A3;MSC;EGR3;PDE4B;PTX3;GCH1;IL12B;SERPINB2;NAMPT;ZC3H12A;EGR1;MAFF;CD83;TNFRSF9;SOD2;IL15RA;CD80;IL7R;ATF3;TNFAIP3;SIK1;ICAM1;JAG1;PLAUR;KDM6B;SLC2A6;DUSP1;CXCL6;NFKBIA;CD69;BCL2A1;RIPK2;PHLDA2;ETS2;SERPINE1;GADD45B;DUSP4;IFIT2;CLCF1;HBEGF;REL;IRF1;SDC4;SPSB1;EHD1;PNRC1;TNIP1;NFKB1;NFKB2;TNFAIP2;TRIP10;CCRL2;SLC2A3;BIRC3;KYNU;BTG1;CDKN1A;BTG3;RNF19B;PPP1R15A;EGR2;ATP2B1;FOSL1;GFPT2;TNFAIP8;RCAN1;GADD45A;ZBTB10;MAP2K3;VEGFA;PLK2;FOSL2;DENND5A;PTGER4;JUNB;B4GALT5;OLR1;BHLHE40;BCL6;PLEK;LAMB3;LITAF;ZFP36;DNAJB4;SLC16A6;CD44;KLF4;TAP1;DRAM1;PFKFB3;DDX58;IER5;JUN;PANX1;ACKR3;CCL5;RELA;IFIH1;NINJ1;CFLAR;KLF6;MCL1;PMEPA1;TSC22D1;TLR2;RELB;TANK;NFAT5;EIF1;SPHK1;YRDC;CEBPB;KLF10;MAP3K8;TIPARP;BTG2;IER2;BCL3;TNIP2;CCND1;CCNL1,4.458119817113997e-40,8.916239634228205e-42,15.90277640709091,199,up
TBinLTBI,HALLMARK_UNFOLDED_PROTEIN_RESPONSE,0.07205489932036314,0.4133178104532046,1.3847505453561584,106,up,ATF3;SLC7A5;VEGFA;DDIT4;CHAC1;PSAT1;TSPYL2;IFIT1;CEBPB;ASNS;BAG3;NABP1;ERN1;XBP1;ZBTB17;DCP1A;DNAJB9;EDEM1;ATF4;DNAJA4;MTHFD2;EIF2AK3,0.19883700218689324,0.1073719811809224,1.2446957181792142,106,up
TBinLTBI,HALLMARK_UV_RESPONSE_DN,0.003519706941682215,0.4741740579008097,1.6201280677094019,127,up,F3;MET;CACNA1A;DUSP1;SERPINE1;ITGB3;HAS2;NFKB1;ATP2B1;COL1A1;RND3;TFPI;INSIG1;CAV1;BHLHE40;AKT3;FYN;APBB2;IRS1;TJP1;SIPA1L1;SLC7A1;KIT;LTBP1;MAP1B;NR3C1;RUNX1;SMAD3;LDLR;SMAD7;ID1;TGFBR3;LPAR1;ATP2C1;SYNJ2;DDAH1;ABCC1;SDC2;PDGFRB;MT1E;GJA1;PLCB4;DLC1;MAGI2;AMPH;VAV2;PRKCE;COL5A2;PTPRM,0.016785364365149286,0.005371316596847767,2.571609401681351,127,up
TBinLTBI,HALLMARK_UV_RESPONSE_UP,4.123473284016593e-5,0.5675179814852771,1.9594862632299408,140,up,IL6;FOSB;NR4A1;CXCL2;GCH1;RRAD;SOD2;ATF3;ICAM1;NFKBIA;IRF1;GPX3;BTG1;PTPRD;BTG3;HSPA2;JUNB;NPTX2;TAP1;GAL;CDKN2B;CYP1A1;TCHH;TYRO3;MMP14;RASGRP1;ABCB1;DNAJB1;ASNS;BTG2;AGO2;GLS;PPIF;MAOA;CHRNA5;TFRC;PRPF3;HSPA13;EIF5;BCL2L11;SLC25A4;CDKN1C;NXF1;AQP3;ENO2;SQSTM1;HTR7;HLA-F;BID;GGH;DNAJA1,0.0020865325599316704,5.007678143836009e-4,3.330457650157275,140,up
TBinLTBI,HALLMARK_WNT_BETA_CATENIN_SIGNALING,0.08313151116749316,0.509874567554252,1.4551465097572864,37,up,HEY1;JAG1;WNT5B;DLL1;ADAM17;CCND2;NUMB;FZD8;NKD1;LEF1;GNAI1;CSNK1E;TCF7;CUL1;AXIN2,0.17067259299392762,0.08192284463708523,1.4074192225187012,37,up
TBinLTBI,HALLMARK_XENOBIOTIC_METABOLISM,0.23266797720348095,0.33493702320589613,1.169890900939669,157,up,MT2A;UPB1;GCH1;HSD11B1;ETS2;SERPINE1;GCKR;AKR1C2;AQP9;KYNU;VNN1;AKR1C3;UPP1;PTGES;CYP2J2;CFB;ATOH8;CYP1A1;FAS;NINJ1;GABARAPL1;ACSM1;PYCR1;MAOA;SERTAD1;ANGPTL3;ID2;IRF8;PTGR1;NQO1;ITIH4;ELOVL5;SMOX,0.44255123571673227,0.31248434602158814,0.4893206584939876,157,up
TBinRSTR,HALLMARK_ADIPOGENESIS,0.12546417649628658,-0.2568145477809866,-1.1684597898510576,180,down,SCARB1;SLC19A1;ITSN1;CMBL;IDH1;CD36;COL15A1;SLC27A1;HADH;CAT;SLC25A10;SULT1A1;CD302;VEGFB;RREB1;DRAM2;UCP2;IFNGR1;REEP6;FAH;CDKN2C;ESYT1;TST;PEMT;NDUFS3;CRAT;ECH1;QDPR;COQ3;NDUFB7;ACADS;SAMM50;CHCHD10;RMDN3;RETSAT;GPAM;MCCC1;ALDH2;PPARG;SCP2;AIFM1;MGST3;ECHS1;BCKDHA;PHYH,0.6438334483246684,0.05629126051483071,-1.590610671808023,180,down
TBinRSTR,HALLMARK_ALLOGRAFT_REJECTION,4.471607972340422e-5,0.6117040535260856,2.207078438735643,181,up,INHBA;IL6;IL1B;EREG;CCL4;TNF;IL2RA;LIF;CSF1;IL7;STAT4;DYRK3;SOCS1;CD80;ICAM1;CCL22;RIPK2;IL12B;ACHE;CXCL13;GBP2;IFNG;CD40;IL15;FASLG;GZMB;CCL5;IL18RAP;CXCL9;CD7;SRGN;PRF1;HDAC9;IL2RG;FGR;ITK;IL12A;IL10;HIF1A;TLR2;CCND2;CCL19;IRF7;TPD52;CD96;BCL3;TAP1;PF4;ETS1;CCR5;CD247;NCR1;F2R;FAS;IRF4;CD8A;IL2;TRAT1;IL2RB;CD79A;HLA-DOB;CD2;CDKN2A;NLRP3;CD8B;LCP2;GZMA;CCL7,1.3813982387725457e-6,2.2102371820360866e-7,5.169598299227365,181,up
TBinRSTR,HALLMARK_ANDROGEN_RESPONSE,0.04307044410413476,0.4393787211667377,1.4663782984530387,89,up,NKX3-1;ARID5B;STEAP4;ZBTB10;TNFAIP8;LIFR;INSIG1;NDRG1;ADAMTS1;PLPP1;PMEPA1;TSC22D1;AKAP12;TPD52;SAT1;B4GALT1;HPGD;ITGAV;UAP1;DNAJB9;UBE2J1;CCND1;HMGCS1;ELOVL5,0.06998653258906193,0.03219380499096847,1.8612691262511925,89,up
TBinRSTR,HALLMARK_ANGIOGENESIS,7.491397920909077e-4,0.7102071233194188,1.9211790131734237,26,up,CXCL6;PDGFA;SPP1;VEGFA;OLR1;JAG1;FSTL1;LPL;CCND2;PF4;PRG2;FGFR1;ITGAV;VAV2,0.00744118666267135,0.002232355998801406,2.986941916962349,26,up
TBinRSTR,HALLMARK_APICAL_JUNCTION,0.11582856223126624,0.3635875279535966,1.285323946232045,146,up,TRAF1;CD274;ICAM1;VCAM1;TJP1;FSCN1;AKT3;LAMB3;INSIG1;SRC;NEXN;MAPK11;RHOF;CDH1;AMIGO2;ACTN2;IRS1;NLGN2;B4GALT1;MPZL1;NRXN2;ITGA3;VAV2;CD276;GNAI1;ICAM5;TMEM8B;TRO;LAMA3;RAC2;VCAN;MYL9;LAYN;MDK;PTK2;KCNH2;BMP1;SPEG;CERCAM;ADAM23;FBN1;CLDN14;MMP2;SGCE;VASP,0.15698828906720733,0.0879134418776361,1.3570301969891787,146,up
TBinRSTR,HALLMARK_APICAL_SURFACE,0.0024047567710114947,0.6490965984157708,1.8300204105468207,32,up,RHCG;LYPD3;PLAUR;EFNA5;MDGA1;IL2RG;GSTM3;B4GALT1;GATA3;IL2RB;TMEM8B;MAL;LYN,0.059924568617646716,0.025168318819411627,1.9997913934825697,32,up
TBinRSTR,HALLMARK_APOPTOSIS,4.471607972340422e-5,0.616720269832173,2.1867742971266697,151,up,IL6;IL1B;IL1A;EREG;TNF;IFNB1;CCNA1;IER3;EGR3;PMAIP1;GCH1;SOD2;ISG20;ATF3;GADD45B;FEZ1;CD69;BTG3;BIRC3;GPX3;TNFSF10;CAV1;FASLG;CDKN1A;IRF1;GADD45A;CD44;PRF1;JUN;MCL1;CASP4;CFLAR;CCND2;RELA;TAP1;BTG2;CD38;SAT1;F2R;PDGFRB;CYLD;FAS;ENO2;SMAD7;NEDD9;CASP1;TGFBR3;CD2;WEE1;XIAP;CCND1;PEA15;HMGB2;GNA15;CLU;PLAT;DNAJC3;PSEN1;EMP1;BCL2L11;CASP7;BNIP3L;SQSTM1;SATB1;BID;DNAJA1;ERBB3;CASP3;PDCD4;PTK2;LEF1,1.2828200219397316e-5,2.5656400438794673e-6,4.665782246953265,151,up
TBinRSTR,HALLMARK_BILE_ACID_METABOLISM,0.5728418905221287,0.2982307299908108,0.9853074932295136,83,up,SLC27A2;BMP6;CYP7B1;AQP9;ACSL1;ACSL5;GCLM;CH25H;ABCA6;BCAR3;OPTN;ABCA1;EPHX2;PNPLA8,0.9221503365313136,0.8034702123272361,-0.856406159967312,83,up
TBinRSTR,HALLMARK_CHOLESTEROL_HOMEOSTASIS,0.1428379167952312,0.4039174796576619,1.2971372889841501,68,up,PLAUR;ATF3;PNRC1;JAG1;LSS;ERRFI1;LPL;ALCAM;ANXA5;CXCL16;NFIL3;FBXO6;PLSCR1;GNAI1;LDLR;HMGCS1;CPEB2;CLU,0.24180842804060476,0.16093188024934307,0.9943326536534801,68,up
TBinRSTR,HALLMARK_COAGULATION,0.004864488468976041,0.47309353037958735,1.6153119662493796,107,up,F3;MMP1;MMP10;SERPINB2;ITGB3;MAFF;TFPI2;SERPINE1;OLR1;MMP3;HPN;FYN;CFH;MMP14;MMP7;CFB;PLEK;PF4;THBS1;CRIP2;CLU;USP11;TMPRSS6;C3;PLAT;GNG12;SPARC;S100A1;DCT;GP1BA;MMP15;BMP1;ANXA1;FBN1;TIMP1;PDGFB;RAPGEF3;MMP2,0.025695104470615668,0.010278041788246248,2.3355718971822057,107,up
TBinRSTR,HALLMARK_COMPLEMENT,4.471607972340422e-5,0.5244277702009549,1.8940250196787838,183,up,IL6;F3;CXCL1;DUSP5;CASP5;SERPINB2;TNFAIP3;PLAUR;MAFF;TFPI2;EHD1;SERPINE1;CD55;OLR1;KYNU;PIM1;ZFPM2;PCLO;IRF1;F5;GZMB;CCL5;RASGRP1;FYN;CFH;MMP14;SRC;CFB;CASP4;IRF7;PLEK;CEBPB;MMP12;ACTN2;HSPA1A;ZEB1;GNG2;SPOCK2;ANXA5;DOCK9;DGKH;CR2;APOBEC3F;GATA3;COL4A2;PLSCR1;CASP1;LCP2;GZMA;GZMK;CLU;PHEX;TMPRSS6;APOBEC3G;C3;PLAT;PSEN1;CASP7;LYN,5.355473787178764e-4,1.285313708922903e-4,3.6957266771888047,183,up
TBinRSTR,HALLMARK_DNA_REPAIR,0.9876843996025377,-0.18339838240740158,-0.810317991451351,145,down,SAC3D1;TK2;CDA;ERCC2;POLD1;NME4;PRIM1;NME3;PDE6G;MRPL40;TARBP2;PCNA;MPG;SMAD5;POLR3GL;ZWINT;UMPS;POLB;NME1;SURF1;POLR2I;SNAPC5;TP53;ERCC5;REV3L;ERCC1;TAF6;NELFB;RFC4;ERCC4;ERCC8;APRT;LIG1;AAAS;BOLA2;GMPR2;GTF2H5;CLP1;POLE4;ITPA;POLA1;SF3A3,0.6438334483246684,0.0712819611133772,-1.4708908948924087,145,down
TBinRSTR,HALLMARK_E2F_TARGETS,0.9997899856305957,0.17961014335147882,0.6506801709003986,190,up,ESPL1;NBN;CDKN1A;SPAG5;CDK1;CKS2;LMNB1;UBE2S;EZH2;TFRC;BRCA2;RRM2;WEE1;CDKN2A;DLGAP5;MKI67;HMGB2;GINS4;PTTG1;MYBL2;CDKN3;MTHFD2;MELK;RAD21;NAP1L1,0.9221503365313136,0.8114922961475559,-0.8845629759743804,190,up
TBinRSTR,HALLMARK_EPITHELIAL_MESENCHYMAL_TRANSITION,4.471607972340422e-5,0.6122101216616486,2.175342890484933,154,up,INHBA;IL6;AREG;MMP1;CXCL1;GEM;CXCL8;PTX3;TNC;GREM1;NT5E;TNFAIP3;PLAUR;CXCL6;ITGB3;DPYSL3;TFPI2;GADD45B;FERMT2;SPP1;SERPINE1;SDC4;VEGFA;VCAM1;SERPINE2;WNT5A;MMP3;COL1A1;IL15;PLOD2;GADD45A;CD44;FSTL1;MMP14;PMEPA1;PDLIM4;JUN;COL5A3;CALD1;IL32;IGFBP3;SGCD;SAT1;PDGFRB;FAS;ENO2;ITGAV;OXTR;FGF2;COL4A2;ID2;THBS1;TGFBR3;COL6A2;VIM;GPC1;TGM2;ITGA5;FZD8;IGFBP4;LAMA3;SGCB;ADAM12;VCAN;PVR;MYL9;ACTA2,7.411572351448809e-7,1.0376201292028302e-7,5.35009142062896,154,up
TBinRSTR,HALLMARK_ESTROGEN_RESPONSE_EARLY,0.0020187194668680637,0.4477279133433857,1.604252552251766,168,up,AREG;HES1;EGR3;CA12;PMAIP1;SLC27A2;LAD1;SLC7A5;PTGES;TTC39A;KCNK5;NAV2;MREG;SLC2A1;BHLHE40;CD44;RASGRP1;TBC1D30;SLC24A3;MUC1;TSKU;RHOBTB3;KLF4;LRIG1;BCL2;TIPARP;SH3BP5;SVIL;ABLIM1;TMPRSS3;TPBG;GLA;ENDOD1;KLF10;FOXC1;DLC1;WWC1;CLIC3;UGCG;PPIF;B4GALT1;MYOF;XBP1;FRK;SLC19A2;AQP3;HR;CCND1;ADCY9;MAST4;ELOVL5;DHRS2;TGM2;CISH;DYNLT3;IGFBP4;FCMR;SLC37A1;BCL11B;SLC1A1;OPN3;TFAP2C;KRT15;RBBP8;PAPSS2,0.01867080756491222,0.006721490723368397,2.486216629363284,168,up
TBinRSTR,HALLMARK_ESTROGEN_RESPONSE_LATE,0.0024047567710114947,0.4471286210564248,1.5955482226726148,161,up,AREG;DUSP2;CCNA1;CKB;EGR3;CA12;ISG20;SLC27A2;TFPI2;SLC7A5;PTGES;EMP2;BTG3;KCNK5;CAV1;PERP;TSPAN13;CYP4F11;CD44;ZFP36;SLC24A3;SNX10;PTGER3;KLF4;CDH1;BCL2;TMPRSS3;TPBG;GLA;GAL;FOXC1;CLIC3;PPIF;ST6GALNAC2;MYOF;XBP1;FRK;TPSAB1;ID2;GJB3;HR;JAK1;CCND1;ELOVL5;DHRS2;CISH;DYNLT3;IGFBP4;BATF;OPN3;TFAP2C;RBBP8;PAPSS2;PDCD4;MDK,0.01945815933749,0.007394100548246187,2.452261619487794,161,up
TBinRSTR,HALLMARK_FATTY_ACID_METABOLISM,0.29999282742791566,-0.24718252528666984,-1.0817155421425892,135,down,CD1D;NTHL1;TDO2;IDH1;CD36;HADH;ALAD;SLC22A5;YWHAH;EHHADH;ALDH1A1;APEX1;HSD17B4;ACSS1;ALDH3A2;REEP6;DHCR24;UROS;MCEE;BCKDHB;CRAT;ECH1;CBR1;ACADS;GCDH;ACOT8;CPOX;RETSAT;SUCLG2;PDHB;RAP1GDS1;ECHS1;ECI2;HSDL2;ACAA1;METAP1;CPT1A;PCBD1;ERP29;GLUL;MLYCD;BLVRA;UROD;CA2;GRHPR;CRYZ;MDH1;HIBCH;IDH3B;AUH;PPARA;IDH3G;MDH2;NSDHL;SUCLG1;ECI1;GSTZ1;RDH11;CCDC58,0.6438334483246684,0.07726001379896022,-1.4278080245203084,135,down
TBinRSTR,HALLMARK_G2M_CHECKPOINT,0.2809639373516026,0.3145992910930486,1.1373052733933362,185,up,MT2A;ESPL1;SLC7A5;EFNA5;NDC80;CDK1;CKS2;HIF1A;LMNB1;PML;UBE2S;EZH2;BCL3;SLC38A1;SLC7A1;BRCA2;DMD;RAD54L;EGF;TROAP;EXO1;MKI67;CCND1;SMAD3;PTTG1;MYBL2;RASAL2;CDKN3;MARCKS;RAD21;ODC1;UBE2C;SFPQ;CDKN1B;CHEK1;TOP1;CDC45;CUL1;TRA2B;KIF4A;YTHDC1;NUP98;KIF2C;CDC25A;E2F3;CCNT1;HUS1;ATF5;KPNB1,0.24152672696274932,0.15381894994202105,1.021695794393654,185,up
TBinRSTR,HALLMARK_GLYCOLYSIS,0.3484853112403157,0.30519889919476817,1.095322151890733,171,up,MET;AK4;IER3;NT5E;ISG20;TGFA;HOMER1;VEGFA;CHST2;TXN;DDIT4;PLOD2;EGLN3;CD44;ANGPTL4;CDK1;PFKP;P4HA2;TPBG;IGFBP3;PAM;B4GALT1;DLD;ENO2;SDC2;CHST12;TKTL1;HK2;TPST1;GPC1;IRS2,0.4682915103228569,0.346535717638914,0.39503209233715425,171,up
TBinRSTR,HALLMARK_HEDGEHOG_SIGNALING,0.057980696637391166,0.5566658964432687,1.5285231453479684,28,up,HEY1;ETS2;ACHE;VEGFA;NRCAM;TLE1;PML;AMOT,0.16248274249976488,0.09423999064986363,1.3355341301304664,28,up
TBinRSTR,HALLMARK_HEME_METABOLISM,0.7628519663015844,0.250173332410628,0.8963953219447145,168,up,SLC7A11;TMCC2;SPTA1;SLC25A37;MAP2K3;SLC2A1;GCLM;BACH1;OPTN;ASNS;P4HA2;ENDOD1;NR3C1;RHD;TFRC;BTG2;CIR1;FOXO3;TSPAN5;ACSL6;SMOX;SLC22A4;AQP3;SLC11A2;IGSF3;C3;AGPAT4;ADIPOR1;LRP10;XK;BNIP3L;ANK1;GYPC;HBB;HBD;TOP1;USP15;SLC6A9;YPEL5;TFDP2;SLC6A8;RNF19A;BPGM;KHNYN;ELL2;MARK3;RIOK3;PRDX2;NEK7,0.6775442097137622,0.555586251965285,-0.13989610647435494,168,up
TBinRSTR,HALLMARK_HYPOXIA,4.471607972340422e-5,0.6106240239417001,2.1867364327491416,167,up,IL6;F3;AK4;MT2A;IER3;HAS1;CA12;TNFAIP3;DUSP1;PLAUR;MAFF;ISG20;ATF3;PNRC1;SERPINE1;SDC4;SLC2A3;BTG1;VEGFA;ADM;AMPD3;CHST2;PIM1;FOSL2;PPP1R15A;NOCT;DDIT4;PLAC8;CAV1;CDKN1A;PFKFB3;SLC2A1;BHLHE40;ZFP36;NDRG1;CSRP2;ANGPTL4;NEDD4L;PDK1;ERRFI1;JUN;ACKR3;BCL2;AKAP12;KLF6;TIPARP;TPD52;GBE1;PFKP;P4HA2;TPBG;IGFBP3;NR3C1;ETS1;PAM;MT1E;RORA;FOXO3;SLC2A5;NFIL3;ENO2;SDC2,4.335381518188794e-7,5.2024578218265636e-8,5.458249810494259,167,up
TBinRSTR,HALLMARK_IL2_STAT5_SIGNALING,4.471607972340422e-5,0.6384790160231759,2.309404838715172,186,up,CSF2;TNFRSF4;TRAF1;IL2RA;LIF;TNFRSF18;IL1RL1;CSF1;RGS16;TNFRSF9;SOCS1;NT5E;CD83;CXCL10;NFKBIZ;MAFF;GADD45B;IL18R1;SPP1;GBP4;SLC2A3;SLC39A8;IL3RA;PIM1;TNFSF10;SOCS2;NCS1;SCN9A;DENND5A;RHOH;BHLHE40;CD44;NDRG1;CST7;ST3GAL4;PLPP1;SMPDL3A;ADAM19;MUC1;PRKCH;ICOS;CCR4;ALCAM;MAP6;IL10;LRIG1;TTC39B;BCL2;KLF6;CCND2;GABARAPL1;ABCB1;CKAP4;SELP;CD48;MXD1;CTLA4;SNX9;MAP3K8;SH3BGRL2;RORA;IRF6;SELL;XBP1;IRF4;BATF3;NFIL3;P2RX4;ITGAV;COCH;IL2RB;PLSCR1;IKZF2;TNFRSF1B;DRC1;CDKN1C;GLIPR2;HK2;IL10RA;TGM2;CISH;PHLDA1;GSTO1;ARL4A;EMP1;HIPK2;BATF;COL6A1;CDC42SE2;TWSG1;ODC1,2.557710493691424e-8,2.5577104936914008e-9,6.007318607344001,186,up
TBinRSTR,HALLMARK_IL6_JAK_STAT3_SIGNALING,4.471607972340422e-5,0.7237320219378428,2.3876675621788777,82,up,CSF2;IL6;IL1B;CXCL1;TNF;CXCL3;SOCS3;IL2RA;CSF1;EBI3;IL7;CXCL11;SOCS1;CXCL10;ITGB3;IL15RA;IL18R1;CRLF2;CXCL13;IL3RA;PIM1;IRF1;PTPN1;CD44;CXCL9;IL2RG;JUN;TLR2;PF4;IL9R;MAP3K8;PTPN2;CD38;CSF2RA;FAS,2.899502143217687e-5,6.378904715078881e-6,4.567869092022585,82,up
TBinRSTR,HALLMARK_INFLAMMATORY_RESPONSE,4.471607972340422e-5,0.7760874225019276,2.8071400998507987,186,up,CCL20;INHBA;CSF3;IL6;IL1B;IL1A;EREG;F3;TNFAIP6;CXCL8;IRAK2;LIF;OSM;MET;EDN1;CSF1;ITGB8;TNFSF9;SLAMF1;PDE4B;RGS16;IL7R;EBI3;NAMPT;CXCL11;SLC1A2;TNFRSF9;GCH1;SCN1B;PLAUR;CXCL6;CXCL10;LAMP3;ITGB3;IL15RA;RGS1;NFKBIA;CCR7;TNFSF15;IL18R1;HBEGF;AQP9;ICAM1;RNF144B;CCL22;HAS2;SERPINE1;RIPK2;GPR132;IL12B;CD55;CD69;NFKB1;NDP;P2RX7;ADM;OLR1;CCRL2;CHST2;TNFSF10;ATP2B1;KCNJ2;CD40;IL15;CCL24;ADGRE1;CDKN1A;IFITM1;IRF1;CD70;HPN;CCL5;PTGER4;LTA;IL18RAP;RASGRP1;SCARF1;FFAR2;CXCL9;MMP14;RTP4;CALCRL;CCL17;IL10;HIF1A;KLF6;TLR2;SPHK1;IRF7;KCNA3;RELA;PTGIR;CD48;MXD1;ABCA1;CD82;TPBG;BTG2;SLC7A1;SLC31A2;SELL;MEFV;LPAR1;P2RX4;SLC11A2;IL2RB;PDPN;NLRP3;TNFRSF1B;LCP2;ATP2C1;CCL7;LDLR;IL10RA,3.538649697624869e-21,1.4154598790499365e-22,10.627015247556225,186,up
TBinRSTR,HALLMARK_INTERFERON_ALPHA_RESPONSE,4.471607972340422e-5,0.7028051101181549,2.3646833769837006,95,up,CSF1;IL7;CXCL11;CXCL10;LAMP3;ISG20;IFIT2;GBP4;RSAD2;RIPK2;GBP2;CCRL2;OASL;IL15;IFIT3;ISG15;HELZ2;IFITM1;IRF1;USP18;CMPK2;RTP4;IFIH1;HERC6;SAMD9;TMEM140;IRF7;SLC25A28;TAP1;SAMD9L;TRIM25;IFI44L;MX1;SELL;TDRD7;PNPT1;IFI44;DHX58;PLSCR1;CASP1;TRAFD1;NUB1;TRIM5;NCOA7;PARP14;TRIM21;DDX60;SP110;PARP12;BATF2;EIF2AK2;OAS1;PSMA3;NMI;PROCR;MOV10;CMTR1;IFI27;IFITM2;OGFR,6.699400804223491e-10,5.3595206433787646e-11,6.842832584213338,95,up
TBinRSTR,HALLMARK_INTERFERON_GAMMA_RESPONSE,4.471607972340422e-5,0.6841715913220414,2.4873789082831608,198,up,IL6;PTGS2;TNFAIP6;IDO1;SOCS3;CD274;MT2A;PDE4B;IL7;NAMPT;STAT4;CXCL11;GCH1;SOD2;SOCS1;TNFAIP3;SLAMF7;CXCL10;IL15RA;NFKBIA;ISG20;IFIT2;GBP4;ICAM1;RSAD2;RIPK2;BTG1;CD69;NFKB1;ARID5B;PIM1;VCAM1;OASL;TNFSF10;UPP1;CD40;IL15;IFIT3;TNFAIP2;ISG15;HELZ2;CDKN1A;IRF1;ZBP1;PTPN1;USP18;CMPK2;CCL5;DDX58;CFH;CXCL9;IFIT1;RTP4;CFB;ZNFX1;IFIH1;HIF1A;CASP4;PML;HERC6;XCL1;IRF7;SLC25A28;SELP;TAP1;SAMD9L;AUTS2;SSPN;GBP6;PFKP;TRIM25;IFI44L;PTPN2;APOL6;CD38;MX1;TDRD7;PNPT1;FAS;IRF4;IFI44;DHX58;IL2RB;PLSCR1;MX2;CASP1;TRAFD1;LCP2;GZMA;CCL7;IL10RA;PARP14;KLRK1;TRIM21;DDX60;OAS2;PELI1;BANK1;SP110;PARP12;ARL4A;BATF2;NLRC5;EIF2AK2;MTHFD2;TOR1B;CASP7;PSMA3;NMI,1.315129704598461e-15,7.890778227590753e-17,8.683199465357538,198,up
TBinRSTR,HALLMARK_KRAS_SIGNALING_DN,7.491397920909077e-4,0.5180998071948217,1.7546733371437626,100,up,NR4A2;EDN1;LYPD3;CCNA1;SERPINB2;CD80;RSAD2;IL12B;PDCD1;IFNG;CHST2;SYNPO;KCNN1;GPR3;SIDT1;GPRC5C;NUDT11;ITIH3;IFI44L;BTG2;MX1;MEFV;KRT5;EGF;ENTPD7;GPR19;NOS1;SNN;UPK3B;KCND1;TG;PTPRJ;SKIL;KRT15;SLC16A7;EDAR;SHOX2;GP1BA;ZBTB16,0.007703494651124769,0.002465118288359925,2.8463862519655567,100,up
TBinRSTR,HALLMARK_KRAS_SIGNALING_UP,4.471607972340422e-5,0.6313643730429697,2.252019830349341,160,up,CCL20;INHBA;CSF2;IL1B;PTGS2;EREG;G0S2;MMP10;TRAF1;LIF;RGS16;IL7R;TNFAIP3;SCN1B;PLAUR;CXCL10;HSD11B1;SPP1;HBEGF;BIRC3;PPP1R15A;USP12;SCG5;GFPT2;TFPI;TSPAN13;KCNN4;GADD45G;TNNT2;ANGPTL4;ALDH1A2;CFH;IGF2;HDAC9;CFB;IL2RG;KLF4;YRDC;AKAP12;CCND2;ADAM17;ABCB1;PRDM1;ZNF277;IGFBP3;ETS1;SPON1;PCSK1N;CSF2RA;TRIB2;FGF9;KIF5C;NAP1L2;TLR8;ID2;TNFRSF1B,1.2828200219397316e-5,2.40573210495562e-6,4.682613597778948,160,up
TBinRSTR,HALLMARK_MITOTIC_SPINDLE,0.7628519663015844,0.24690644730886802,0.896187231611107,194,up,ESPL1;CDC42EP2;SYNPO;FSCN1;NDC80;RHOF;CDK1;LMNB1;PALLD;NET1;BRCA2;CDC42EP4;NEDD9;PCGF5;DLGAP5;PPP4R2;SOS1;RASAL2;PKD2;ARAP3;ABI1;BCL2L11;MARCKS;NCK2;BCAR1;CYTH2;DOCK4;RICTOR;KIF1B;RAPGEF5;PLEKHG2;KIF4A;UXT;ARHGEF2;CDK5RAP2;PIF1;KIF2C;MYH10;ARHGAP5;CENPJ;RAPGEF6;ARHGEF3;CLIP1;WASL;PDLIM5;EPB41L2;NF1;NEK2;PRC1;EZR;KIFAP3;KIF3B;TOP2A;TLK1;FLNA;RAB3GAP1;STAU1;RASA2;TRIO;CTTN;BIRC5;TPX2;CDC42BPA,0.5160864290632884,0.39222568608809916,0.27373306325773356,194,up
TBinRSTR,HALLMARK_MTORC1_SIGNALING,0.08553479974945655,0.35739176264000283,1.2972117085314132,194,up,AK4;NAMPT;SLC7A5;SLC7A11;SLC2A3;PPP1R15A;DDIT4;PLOD2;MAP2K3;CDKN1A;EGLN3;INSIG1;SLC2A1;BHLHE40;PDK1;TXNRD1;SYTL2;ELOVL6;GBE1;ASNS;GLA;IFRD1;TFRC;BTG2;TBK1;PPA1;XBP1;NFIL3;EDEM1;NFKBIB;RIT1;RRM2;LDLR;HK2;HMGCS1;ELOVL5;MLLT11;BCAT1;PSAT1;MTHFD2;PSMA3;SQSTM1;DAPP1;PITPNB;UBE2D3;CXCR4;VLDLR;P4HA1;MTHFD2L;STARD4;ETF1;TES;HPRT1;PNP;PGM1;CDC25A;LDHA;ERO1A;UFM1;USO1,0.15106718705437863,0.08157628100936448,1.3972146650346304,194,up
TBinRSTR,HALLMARK_MYC_TARGETS_V1,0.9997899856305957,0.1559061606306324,0.5658868450360823,194,up,PSMA6;IFRD1;HNRNPC;NAP1L1;ODC1;YWHAQ;CDC45;PSMA1;CUL1;DDX21;TRA2B;CDK2;UBE2E1;PSMA2;ETF1;HPRT1;VDAC1;LDHA;PABPC4;DEK;UBA2;KPNB1;RPL34;SRSF2;HNRNPA1;RPS3;EIF2S2;RPS6;DHX15;PSMA4;RAN;SRSF3;RPS2;EEF1B2;RPL14;TYMS;PSMC6;EIF3J;MCM7;ILF2;MYC;HNRNPA2B1;EIF4G2;PSMD7;RPS5;RPS10;PSMD8;TFDP1;SNRPB2;EIF4A1;NPM1;RPLP0;PABPC1;KPNA2;G3BP1;PSMD14;PGK1;MAD2L1;RPL18;EIF1AX;EIF4E;TCP1;U2AF1;NOLC1;SMARCC1;HNRNPU;HDGF;RPL6;RPL22;SNRPG;YWHAE;PPIA;BUB3;SRPK1;SF3A1;SNRPD2,0.8566920611057782,0.7196213313288538,-0.5824826970130593,194,up
TBinRSTR,HALLMARK_MYC_TARGETS_V2,0.06291314441667996,-0.37107072243227024,-1.4048953605966927,58,down,SLC19A1;SORD;DCTPP1;EXOSC5;MAP3K6;TMEM97;RRP9;NDUFAF4;NOP2;PHB;MCM4;FARSA;PPAN;PLK1;MYBBP1A;PUS1;BYSL;SRM;IMP4;AIMP2;MRTO4;NOP56;NOP16;UTP20;RRP12;WDR43;RABEPK;NOC4L;TCOF1;GRWD1;MPHOSPH10;LAS1L;IPO4;RCL1;MCM5;PRMT3;PLK4;TFB2M;PES1;UNG;PA2G4;CDK4;SUPV3L1,0.27044705828442517,0.010817882331376998,-2.3297354743906022,58,down
TBinRSTR,HALLMARK_MYOGENESIS,0.01994415636218588,0.41915204931212313,1.4765907169897192,141,up,CKB;KLF5;GADD45B;HBEGF;ACSL1;ACHE;GPX3;COL1A1;NAV2;CDKN1A;BHLHE40;TNNT2;CNN3;SPHK1;ACTN2;SORBS1;SVIL;ABLIM1;SSPN;DMPK;IGFBP3;PDE4DIP;IFRD1;SGCD;DMD;RIT1;FGF2;AEBP1;COL4A2;GNAO1;NOS1;COL6A2;NQO1;ADCY9;CLU;PKIA;AK1;MYBPH;WWTR1;MYH11;ATP2A1;ADAM12;TNNT3;CASQ1;SPARC;ERBB3;KCNH2;DAPK2;MYBPC3;PYGM;SPEG;NCAM1,0.06998653258906193,0.030990341385747133,1.8740021293694415,141,up
TBinRSTR,HALLMARK_NOTCH_SIGNALING,0.1428379167952312,0.48549027299666825,1.3525089316428154,30,up,HES1;JAG1;WNT5A;FZD7;DLL1;NOTCH3;TCF7L2;DTX2;CCND1,0.24152672696274932,0.15457710525615956,1.0266054598306251,30,up
TBinRSTR,HALLMARK_OXIDATIVE_PHOSPHORYLATION,3.2469640885771805e-4,-0.39203017898445686,-1.788347070735481,183,down,PDK4;IDH1;FXN;IDH2;MRPL34;MRPL35;SLC25A20;NDUFS3;NDUFS7;ECH1;NNT;NDUFB7;RHOT1;RETSAT;MRPS12;PDP1;PDHB;AIFM1;MGST3;ECHS1;TIMM13;BCKDHA;ATP6V0C;PHYH;ACAT1;ACAA1;NDUFS8;MPC1;OXA1L;MRPS15;CPT1A;SURF1;GLUD1;UQCR10;SLC25A12;GOT2;ACADSB;TIMM9;MRPL11;UQCRC2;CYC1;SDHB;COX11;COX10;NDUFV1;MDH1;IDH3B;UQCRC1;SLC25A11;IDH3G;MDH2;COX5A;ALDH6A1;SUCLG1;NDUFA8;ECI1;COX5B;ISCU;TIMM50;MTRF1;NDUFS2;NDUFB1;SUCLA2;MRPS11;HADHA;ETFB;ACADM;LRPPRC;HSD17B10;PMPCA;COX15;NDUFAB1;NQO2;PRDX3;ACAA2;NDUFA3;HADHB;HCCS;TOMM22;DLAT;NDUFA2;NDUFB6;UQCRQ;MRPL15;NDUFS1;NDUFB3;NDUFB2;TCIRG1;AFG3L2;NDUFS6;ABCB7;HTRA2;SDHC;SDHD;MRPS30;NDUFB5;OGDH,0.0025052988617558208,5.010597723511655e-5,-3.951453703313456,183,down
TBinRSTR,HALLMARK_P53_PATHWAY,4.471607972340422e-5,0.5090386509107199,1.8375266722955244,182,up,IL1A;LIF;TNFSF9;IER3;RGS16;TM4SF1;SOCS1;RRAD;PDGFA;ATF3;HBEGF;SLC7A11;BTG1;TGFA;PLK3;PLK2;PPP1R15A;UPP1;DDIT4;RNF19B;CDKN1A;PERP;GADD45A;NDRG1;TCHH;IER5;NINJ1;DRAM1;JUN;TSPYL2;KLF4;CDKN2B;TSC22D1;CCND2;SPHK1;TAP1;MXD1;CD82;ADA;BTG2;SAT1;F2R;TRAF4;FOXO3;FAS;OSGIN1;SLC19A2;DNTTIP2;ZNF365;RHBDF2;CASP1;CDKN2A;TRAFD1;CSRNP2;EPHA2;VDR;MDM2;AK1;STOM,0.0028456919532892453,7.967937469209874e-4,3.1836217149160335,182,up
TBinRSTR,HALLMARK_PANCREAS_BETA_CELLS,0.755885375741633,0.3449782359862896,0.8506846960307332,17,up,AKT3;INSM1;VDR;CHGA;DPP4;FOXO1,0.5623686520076173,0.44989492160609384,0.12694290264648586,17,up
TBinRSTR,HALLMARK_PEROXISOME,0.10592764935196697,-0.30701567550939507,-1.2640250448467008,91,down,ABCC5;IDH1;DHRS3;SLC23A2;IDH2;CAT;CLN6;YWHAH;EHHADH;ALDH1A1;HSD17B4;DHCR24;MSH2;PEX6;CRAT;TSPO;ECH1;NUDT19;FADS1;SLC25A19;CNBP;STS;ACOT8;RETSAT;PEX11A;SCP2;GSTK1;ECI2;ABCD3;CTBP1;ACAA1,0.6438334483246684,0.0688427795538923,-1.4911104905339587,91,down
TBinRSTR,HALLMARK_PI3K_AKT_MTOR_SIGNALING,0.3242340768006427,0.33680038102987464,1.1286307930552966,92,up,MAP2K3;FASLG;CDKN1A;SLC2A1;MAPK10;PDK1;PLCB1;IL2RG;CDK1;TBK1;NFKBIB;RIT1;CAMK4;RPS6KA3;SQSTM1;DAPP1;RIPK1;UBE2D3;CXCR4;AKT1S1;CDKN1B;CDK2;MAPK8,0.3016788764334839,0.21720879103210836,0.7835044317549292,92,up
TBinRSTR,HALLMARK_PROTEIN_SECRETION,0.7640985632542876,0.2569804594640289,0.8600137076592147,91,up,CAV2;TPD52;ABCA1;SSPN;GLA;PAM;ARFGAP3;ATP6V1H;BNIP3;RAB5A;RPS6KA3;KIF1B;ATP1A1;BET1;STX12;SEC22B;USO1;GOLGA4;ARF1;NAPA;TSG101;LMAN1;YIPF6;SOD1;AP1G1;STX16;ARCN1;VPS4B;COPB1;CD63;TMX1;DST;AP2B1,0.5298655599844218,0.41329513678784896,0.21948632016459618,91,up
TBinRSTR,HALLMARK_REACTIVE_OXYGEN_SPECIES_PATHWAY,0.12546417649628658,0.44622342518922986,1.350243477091729,47,up,SOD2;GPX3;TXN;JUNB;GCLM;SRXN1;TXNRD1;MGST1;PFKP;SBNO2;IPCEF1;NQO1;ABCC1;PDLIM1;OXSR1,0.19040478227379348,0.11424286936427609,1.2124360532750886,47,up
TBinRSTR,HALLMARK_SPERMATOGENESIS,0.1428379167952312,0.3861169693572168,1.2778514597144723,84,up,CCNA1;SCG5;HSPA2;IL12RB2;CDK1;GSTM3;ADCYAP1;GFI1;MLF1;EZH2;CLGN;PCSK1N;SLC2A5;TKTL1;NOS1;CAMK4;CDKN3;ARL4A,0.24180842804060476,0.16442973106761127,0.9793388743173558,84,up
TBinRSTR,HALLMARK_TGF_BETA_SIGNALING,0.04432288192128085,0.4895504207711584,1.5124722850228638,53,up,SERPINE1;PPP1R15A;TJP1;JUNB;PMEPA1;BCAR3;CDH1;ID1;KLF10;SMAD7;ID2;THBS1;XIAP;CDKN1C;SMAD3;TGIF1;ARID4B;WWTR1;HIPK2;SKIL;UBE2D3;SMURF1,0.12417252750951374,0.059602813204566535,1.571067603494775,53,up
TBinRSTR,HALLMARK_TNFA_SIGNALING_VIA_NFKB,4.471607972340422e-5,0.8665140656840815,3.151551928868125,199,up,CCL20;INHBA;CSF2;IL6;IL1B;IL1A;AREG;PTGS2;F3;TNFAIP6;CCL4;CXCL1;G0S2;FOSB;NR4A1;NR4A2;IL23A;GEM;CXCL2;TNF;CXCL3;SOCS3;TRAF1;DUSP2;LIF;PTX3;EDN1;CSF1;HES1;TNC;TNFSF9;IER3;DUSP5;PDE4B;EGR3;IL7R;MSC;NAMPT;NR4A3;CXCL11;ZC3H12A;TNFRSF9;GCH1;SOD2;SERPINB2;EGR1;TNFAIP3;CD83;DUSP1;PLAUR;CXCL6;CXCL10;MAFF;IL15RA;DUSP4;CD80;NFKBIA;ATF3;SIK1;CLCF1;BCL2A1;KDM6B;SLC2A6;SPSB1;ETS2;EHD1;IFIT2;GADD45B;HBEGF;PNRC1;ICAM1;TNIP1;SERPINE1;RIPK2;SDC4;IL12B;PHLDA2;REL;SLC2A3;NFKB2;BTG1;CD69;NFKB1;TRIP10;BTG3;BIRC3;VEGFA;PLK2;OLR1;KYNU;CCRL2;JAG1;FOSL2;PPP1R15A;RCAN1;ATP2B1;GFPT2;RNF19B;ZBTB10;TNFAIP2;TNFAIP8;MAP2K3;FOSL1;DENND5A;CDKN1A;IRF1;EGR2;PFKFB3;LAMB3;JUNB;GADD45A;BHLHE40;B4GALT5;CD44;BCL6;ZFP36;CCL5;PTGER4;SLC16A6;FJX1;DDX58;LITAF;PANX1;IER5;DNAJB4;PMEPA1;NINJ1;DRAM1;JUN;ACKR3;MCL1;KLF4;TSC22D1;YRDC;IFIH1;RELB;TANK;CFLAR;KLF6;TLR2;SPHK1;PLEK;TIPARP;CEBPB;NFAT5;IER2;BCL3;RELA;TAP1;EIF1;MXD1;ABCA1;KLF10;MAP3K8;BTG2;TNIP2,5.6718924579999934e-43,1.1343784915999864e-44,16.60739872712119,199,up
TBinRSTR,HALLMARK_UNFOLDED_PROTEIN_RESPONSE,0.05259507624897102,0.4155611014694518,1.4176441480384434,106,up,ATF3;SLC7A5;VEGFA;DDIT4;IFIT1;TSPYL2;CHAC1;ZBTB17;CEBPB;ASNS;BAG3;ERN1;XBP1;EDEM1;NABP1;DCP1A;DNAJB9;ATF4;EIF2AK3;PSAT1;DNAJC3;DNAJA4;MTHFD2,0.15106718705437863,0.08052409404517372,1.4068413242631144,106,up
TBinRSTR,HALLMARK_UV_RESPONSE_DN,7.491397920909077e-4,0.49143779914022867,1.7118536268807927,127,up,F3;MET;DUSP1;ITGB3;HAS2;SERPINE1;CACNA1A;NFKB1;ATP2B1;TJP1;COL1A1;TFPI;AKT3;CAV1;INSIG1;BHLHE40;APBB2;FYN;LTBP1;KIT;RND3;SIPA1L1;ID1;NR3C1;SLC7A1;IRS1;DLC1;MT1E;RUNX1;PDGFRB;LPAR1;SDC2;VAV2;SMAD7;TGFBR3;ATP2C1;ABCC1;LDLR;SYNJ2;SMAD3;MAGI2;PRKCE,0.012828205446082772,0.0043615898516681274,2.644928683274138,127,up
TBinRSTR,HALLMARK_UV_RESPONSE_UP,4.471607972340422e-5,0.5496265672211395,1.9349748303986514,140,up,IL6;FOSB;NR4A1;CXCL2;GCH1;SOD2;RRAD;NFKBIA;ATF3;ICAM1;PTPRD;BTG1;BTG3;GPX3;HSPA2;IRF1;JUNB;RASGRP1;TCHH;NPTX2;MMP14;CDKN2B;AGO2;ABCB1;TAP1;MAOA;CYP1A1;ASNS;GAL;DNAJB1;TFRC;BTG2;PPIF;ENO2;AQP3;GLS;HSPA13;TYRO3;CDKN1C;PRPF3;EIF5;NXF1;HTR7;HLA-F;BCL2L11;LYN;SQSTM1;BID;DNAJA1;GGH;CASP3;SHOX2;KCNH2;DDX21;CDK2;SLC25A4;NUP58;SLC6A8;BMP2;PPP1R2;GRINA;MAPK8IP2;IL6ST,5.781800798852318e-4,1.503268207701601e-4,3.6675328004081185,140,up
TBinRSTR,HALLMARK_WNT_BETA_CATENIN_SIGNALING,0.06602895362328418,0.5112208895309449,1.4820452596114662,37,up,HEY1;JAG1;DLL1;WNT5B;CCND2;ADAM17;NUMB;NKD1;GNAI1;CSNK1E;FZD8;TCF7;LEF1;PPARD;CUL1,0.15106718705437863,0.07850585153145127,1.4310657133233626,37,up
TBinRSTR,HALLMARK_XENOBIOTIC_METABOLISM,0.12546417649628658,0.3557089919145545,1.2659216485509204,157,up,UPB1;MT2A;GCH1;ETS2;HSD11B1;AQP9;SERPINE1;GCKR;PTGES;VNN1;KYNU;UPP1;AKR1C2;CYP2J2;NINJ1;CFB;ATOH8;AKR1C3;GABARAPL1;MAOA;CYP1A1;ACSM1;FAS;SMOX;SERTAD1;ID2;NQO1;EPHA2;TPST1;ELOVL5;PTGR1;AOX1;BCAT1;GSTO1;IGFBP4;BCAR1;IL1R1;ABCD2;PAPSS2;CYP2E1;PYCR1;PPARD;PGD,0.25249567219692226,0.17674697053784555,0.9292523982122335,157,up
RSTRinMEDIA,HALLMARK_ADIPOGENESIS,0.012626262626262628,0.3565989922038172,1.5324655661505373,180,up,CMBL;RETN;ANGPTL4;ITGA7;ADCY6;ITSN1;FAH;SLC19A1;SCARB1;CD151;CDKN2C;CD302;HADH;QDPR;UQCRQ;CD36;CAT;APLP2;UCP2;REEP5;MGST3;MTCH2;PEMT;YWHAG;CHCHD10;SLC25A1;ANGPT1;IDH1;VEGFB;GBE1;IMMT;NDUFB7;MYLK;AIFM1;NDUFS3;RETSAT;BCKDHA;UQCRC1;RTN3;MCCC1;ACOX1;SULT1A1;MRPL15;GPAM;PPARG;PRDX3;NDUFAB1;DRAM2;SLC5A6;DHRS7B;COX7B;ALDOA;CYC1;AK2;CS;COQ9;OMD;GPX3;ALDH2;RIOK3;ATP1B3,0.002595251388392199,2.0762011107137608e-4,3.5647138058993755,180,up
RSTRinMEDIA,HALLMARK_ALLOGRAFT_REJECTION,5.080165003759322e-4,-0.5890391180191684,-1.7279815834097598,181,down,TRAT1;CD8B;ITK;LCK;CD40LG;CD3E;CD247;CD3G;CD8A;CD3D;CD96;PRF1;CD2;ZAP70;ETS1;IL18RAP;FASLG;CD7;NCR1;IL2RB;GZMA;CCL5;GZMB;KLRD1;CCND2;CD79A;CXCR3;F2R;STAT4;TPD52;APBB1;CD28;LTB;IFNG;SOCS1;CCL22;HLA-DOA;MAP4K1;IL2RG;CD1D;EREG;GBP2,0.0029979195954982904,1.199167838199319e-4,-3.716838700974592,181,down
RSTRinMEDIA,HALLMARK_ANDROGEN_RESPONSE,0.8999283636576854,-0.30247377983580154,-0.8489106591048778,89,down,ADAMTS1;INPP4B;TPD52;CDC14B;HPGD;PMEPA1;STEAP4;PTPN21;AKAP12;MAK;STK39;ARID5B;ELK4,0.6500623997261332,0.2470237118959305,0.6853423422529773,89,up
RSTRinMEDIA,HALLMARK_ANGIOGENESIS,0.1043910521955261,0.4918964000297168,1.5047444973987156,26,up,PRG2;THBD;VCAN;PF4;S100A4;NRP1;TNFRSF21;TIMP1;VEGFA;FSTL1;SPP1;COL5A2;JAG1;ITGAV,0.31681472497047924,0.09504441749114376,1.3295568803775215,26,up
RSTRinMEDIA,HALLMARK_APICAL_JUNCTION,0.3317408507367802,-0.40235701582512956,-1.1685278017057648,146,down,ADAM23;AMIGO2;PCDH1;VCAM1;SPEG;AMIGO1;MAPK11;MPZL2;TJP1;PLCG1;NFASC;ITGA3;TMEM8B;TRO;NEXN;ATP1A3;NLGN2;GNAI1;CDH1;TRAF1;IRS1;RHOF;CD274;JAM3;EVL;SGCE;AKT3,0.9515296324564545,0.6089789647721309,-0.2769212313909449,146,up
RSTRinMEDIA,HALLMARK_APICAL_SURFACE,0.020593587095505066,-0.6624378621354848,-1.6397681614674318,32,down,MAL;MDGA1;GATA3;IL2RB;EFNA5;LYPD3;AFAP1L2;TMEM8B;IL2RG;SCUBE1;EPHB4;GHRL;GSTM3,0.15650586174749503,0.01878070340969939,-2.136314497088978,32,down
RSTRinMEDIA,HALLMARK_APOPTOSIS,0.271518886553994,-0.41293711900153285,-1.2013109903607386,151,down,LEF1;PRF1;CD2;TGFBR3;PDGFRB;FASLG;CCND2;F2R;ISG20;PLAT;ERBB3;KRT18;TNFSF10;NEDD9;CD69;CAV1;EGR3;EREG;BIRC3;CCNA1;WEE1;IRF1;BTG3;PDCD4;GADD45B;SATB1;CDKN1B;ENO2;CDC25B;TAP1;ATF3;FEZ1;IFITM3;SOD2;CD38;GCH1;PMAIP1;SMAD7;BCL2L11;FAS;HMGB2;CYLD;IFNB1;SPTAN1;PPP2R5B,0.7169145704626121,0.2373137719982602,-0.7158955895358561,151,down
RSTRinMEDIA,HALLMARK_BILE_ACID_METABOLISM,0.7634086492875372,-0.3473425662893696,-0.9686017796668001,83,down,LCK;ABCD2;EPHX2;ABCA6;CYP7B1;BCAR3;PAOX;TFCP2L1;ABCA5;SLC27A2;DIO1;ALDH8A1;PEX7;NR3C2;ABCA2;SLC27A5;OPTN;RBP1;HSD3B7,0.9011933976297984,0.4686205667674952,0.07885882538932568,83,up
RSTRinMEDIA,HALLMARK_CHOLESTEROL_HOMEOSTASIS,0.049361822156406464,0.3831494892258631,1.4411400706305046,68,up,CBS;FADS2;PMVK;SCD;MVK;CYP51A1;ACAT2;SQLE;STARD4;EBP;JAG1;S100A11;HMGCR;GUSB;NSDHL;FABP5;ALDOC;FDPS;HMGCS1;PPARG;TMEM97,0.05801355705471941,0.009282169128755102,2.3863690277898626,68,up
RSTRinMEDIA,HALLMARK_COAGULATION,0.748634897929132,-0.3459109028054054,-0.9853715047228507,107,down,PRSS23;CFH;C1S;FYN;S100A1;ITGB3;C1R;PLAT;PROZ;MMP11;DPP4;MMP15;CRIP2;APOC1;TMPRSS6;DCT;PROC;PROS1;F12;OLR1;CFB;MMP8;MASP2;TFPI2,0.9011933976297984,0.45449924647252277,0.11444183546741846,107,up
RSTRinMEDIA,HALLMARK_COMPLEMENT,0.030041437637884676,-0.47150763535744233,-1.3839873591639822,183,down,HPCAL4;LCK;CD40LG;PCLO;SPOCK2;GATA3;GZMK;CR2;CFH;C1S;F5;DOCK9;GZMA;CCL5;RASGRP1;GZMB;PHEX;FYN;ZEB1;C1R;PLAT;CDK5R1;DPP4;MMP15;ERAP2;APOBEC3F;CXCL1;APOC1;TMPRSS6;KLK1;NOTCH4;CP;IRF1,0.2551013869675583,0.0561223051328628,-1.5923461651651594,183,down
RSTRinMEDIA,HALLMARK_DNA_REPAIR,0.748634897929132,0.23573022183605585,0.9923442176552886,145,up,ADCY6;PDE6G;NME1;CDA;ITPA;SAC3D1;GTF2H5;CETN2;UMPS;ERCC2;ERCC1;SMAD5;NME4;DGUOK;NUDT9;ELL;MPC2;PNP;STX3;POLD1;NME3;TMED2;TARBP2;CLP1;HCLS1;POLD3;TK2;POLR2J;POLR2H;DCTN4;SF3A3;ALYREF;POLH;DAD1;AGO4,0.03317809997710595,0.003964035423504382,2.6810428408716365,145,up
RSTRinMEDIA,HALLMARK_E2F_TARGETS,0.8027272727272727,0.22235878645892082,0.9594968960445277,190,up,ORC6;DIAPH3;DSCC1;HMMR;GINS1;CCNB2;CDCA8;BIRC5;CDKN2C;NME1;CKS2;PRDX4;TK1;RRM2;CENPE;SHMT1;PTTG1;HMGB3;PRIM2;CIT;PLK4;KPNA2;SUV39H1;TUBB;POLD1;SPC24;DCLRE1B;CDC25A;TOP2A;SNRPB;POLD3;PLK1;TBRG4;WDR90;MCM4;MSH2;DCTPP1;PMS2;AK2,0.03317809997710595,0.004259946528072208,2.6476971983787756,190,up
RSTRinMEDIA,HALLMARK_EPITHELIAL_MESENCHYMAL_TRANSITION,0.7218059676873947,-0.3516249177824294,-1.0239150110362119,154,down,IGFBP3;MAGEE1;GPX7;IL32;TGFBR3;PDGFRB;VCAM1;COL5A1;ITGB3;COL6A2;TPM2;SERPINE2;SDC1;COL5A3;CXCL6;PDLIM4;SGCD;SGCB;LOXL1;CXCL1;SLIT3;NT5E;PMEPA1;GREM1;CXCL8;LOX;NID2;IGFBP4;TNFAIP3;GADD45B;LAMA2;TNC;ENO2;IL15;MCM7;DPYSL3;FBLN2;TFPI2;LOXL2,0.9464677921418219,0.5286171353723033,-0.07185691482488238,154,up
RSTRinMEDIA,HALLMARK_ESTROGEN_RESPONSE_EARLY,0.030041437637884676,-0.47580141125855896,-1.3912106049844666,168,down,BCL11B;ABLIM1;PRSS23;CLIC3;FCMR;AQP3;TSKU;RASGRP1;TMPRSS3;TJP3;WWC1;SLC1A1;PDZK1;PTGES;FAM102A;MYBL1;NBL1;KRT18;MAST4;FRK;MREG;LRIG1;LAD1;SYNGR1;EGR3;RAPGEFL1;SLC24A3;CELSR2;DLC1;SLC2A1;ADD3;MUC1;TUBB2B;KCNK5;SLC27A2;TPD52L1;IGFBP4;SLC9A3R1;BCL2;ENDOD1;DHRS2;KAZN;REEP1;FOXC1;INPP5F;FHL2;TIPARP;ESRP2;TPBG;TGIF2;PMAIP1;IGF1R;MLPH;ABCA3;RHOBTB3;CBFA2T3;SYBU;UGCG;MYC,0.21975365993649237,0.03834299298169837,-1.7760532601035068,168,down
RSTRinMEDIA,HALLMARK_ESTROGEN_RESPONSE_LATE,0.32129679786592535,-0.40115220614907476,-1.170772654497295,161,down,PRSS23;CLIC3;PERP;TMPRSS3;TJP3;PDZK1;PTGES;FAM102A;ISG20;NBL1;DUSP2;ATP2B4;PLXNB1;CACNA2D2;FRK;CDH1;CAV1;EGR3;RAPGEFL1;TSPAN13;SLC24A3;GINS2;CELSR2;ADD3;CCNA1;GJB3;BTG3;KCNK5;PDCD4;SLC27A2;TPD52L1;LLGL2;IGFBP4;GPER1;SLC9A3R1;BCL2;LSR;DHRS2;FOXC1,0.9464677921418219,0.5351018917682234,-0.0881722022622563,161,up
RSTRinMEDIA,HALLMARK_FATTY_ACID_METABOLISM,0.3966389187253849,0.2594293514588077,1.0814363493198706,135,up,DHCR24;EHHADH;HADH;LGALS1;BLVRA;HSD17B4;ACAT2;MIF;CD36;NTHL1;ECI1;YWHAH;ALDH3A2;PCBD1;PTS;HMGCL;SMS;CCDC58;FH;NSDHL;HSDL2;OSTC;IDH1;S100A10;SDHD;HCCS;D2HGDH;SUCLG2;RETSAT;UGDH;ACOX1;GRHPR;HMGCS1;LDHA;ALAD;ADSL;CBR1;ALDOA;UROD;TP53INP2;ACAA1;APEX1;HSD17B10;ACSL4;FASN;EPHX1;HSPH1;SUCLG1;G0S2;RAP1GDS1;MDH1;HSD17B7;IDH3B;PDHA1;ECHS1;HSP90AA1;CBR3;CPOX;SDHC;ACOT8;DLD;MDH2,0.03317809997710595,0.004644933996794836,2.6246582716599374,135,up
RSTRinMEDIA,HALLMARK_G2M_CHECKPOINT,0.9963423777584146,-0.21207907286294633,-0.6226561903845872,185,down,SLC38A1;EFNA5;RAD54L;TROAP;SMAD3;KIF23;GINS2;NDC80;NEK2;CDKN1B;CDC7;CDC25B;FANCC;DMD;CDK1;TTK;CDC6;RPS6KA5;EGF;MNAT1;CDKN3;KIF2C;PRC1;MT2A;KIF22;MYC;TPX2;MCM5;RASAL2,0.27417736638134393,0.07676966258677631,1.4304555324666899,185,up
RSTRinMEDIA,HALLMARK_GLYCOLYSIS,0.9963423777584146,-0.23712362736506448,-0.6938114605764614,171,down,IGFBP3;COL5A1;TKTL1;DPYSL4;LCT;B3GAT1;ISG20;PKP2;CACNA1H;EGLN3;SDC1;PFKFB1;CHST12;NT5E;TGFA;TPST1;CXCR4;AK4;VLDLR;ENO2,0.19156985308007718,0.0459767647392185,1.6899556934164663,171,up
RSTRinMEDIA,HALLMARK_HEDGEHOG_SIGNALING,0.6905446284000051,-0.4335014167777118,-1.0511226999075365,28,down,AMOT;ADGRG1;PTCH1;CDK5R1,0.9464677921418219,0.5525127319890396,-0.13268642613588216,28,up
RSTRinMEDIA,HALLMARK_HEME_METABOLISM,0.956151932261,-0.2876273465054473,-0.8410025806427703,168,down,ACSL6;AQP3;TSPAN5;ANK1;TMCC2;RHD;ADD2;SPTB;DMTN;XK;SPTA1;SLC2A1;OSBP2;EPB41;ASNS;RBM38;ENDOD1;SLC25A38;FN3K;TFDP2;OPTN;GYPC;TRIM58;SLC7A11;CIR1;PRDX2;KAT2B;ICAM4;CCND3;ABCG2;PPP2R5B,0.6423644835824146,0.2312512140896693,0.7355846506318571,168,up
RSTRinMEDIA,HALLMARK_HYPOXIA,0.6800606061458683,-0.35804361212029545,-1.0466288149742886,167,down,IGFBP3;ETS1;RORA;PLAC8;COL5A1;TKTL1;DPYSL4;TPD52;ISG20;PYGM;MT1E;BTG1;CAV1;KIF5A;SLC2A1;AKAP12;PHKG1;CP;LOX;TNFAIP3;CXCR4;BCL2;CSRP2;CDKN1B;AK4;PNRC1;EFNA1;VLDLR;ENO2;PDK1;PIM1;TIPARP;ATF3;TPBG;STBD1;TES,0.9464677921418219,0.5841179711185375,-0.21260697533852152,167,up
RSTRinMEDIA,HALLMARK_IL2_STAT5_SIGNALING,0.016407362677140318,-0.49034007134414115,-1.4398968136626107,186,down,IL18R1;HOPX;CCR4;CST7;ICOS;RGS16;ABCB1;IL2RB;EOMES;RHOH;RORA;TNFRSF18;CCND2;S100A1;PRKCH;ADAM19;PTCH1;CD79B;LTB;CTLA4;SELP;COCH;TNFRSF9;GBP4;IKZF2;SOCS1;TNFSF10;MAP6;LRIG1;IL1RL1;IL3RA;TRAF1;NT5E;SELL;FLT3LG;MUC1;CCNE1;GADD45B;BCL2;SLC29A2;CSF1;BATF3;AGER;IL2RA;PIM1;CD83;PDCD2L;GABARAPL1;PHLDA1;CDC6;CDC42SE2;IFITM3;GALM;CXCL10,0.15650586174749503,0.01652304020273846,-2.1399729048007767,186,down
RSTRinMEDIA,HALLMARK_IL6_JAK_STAT3_SIGNALING,0.8027272727272727,-0.33006225317435267,-0.9196338883947865,82,down,IL18R1;ITGB3;LTB;IL9R;SOCS1;IL2RG;IL3RA;CXCL1;CXCL11;IL15RA;IRF1;CSF1;IL2RA;PIM1;STAT1;CD38;SOCS3;CXCL10;FAS,0.7895179903980832,0.37896863539107994,0.30871218575394477,82,up
RSTRinMEDIA,HALLMARK_INFLAMMATORY_RESPONSE,0.30588313898220226,-0.3984996226274253,-1.1702048647463421,186,down,IL18R1;SLC4A4;LCK;IL18RAP;IL7R;SLAMF1;RGS16;IL2RB;CCL5;IFITM1;RASGRP1;LTA;CCR7;NMUR1;ITGB3;CCL24;TNFRSF9;CCL22;TNFSF10;CXCL6;CD69;EDN1;EREG;PDE4B;CXCL11;SELL;CXCR6;KCNA3;SEMA4D;CD70;IL15RA;CXCL8;CCL20;IRF1,0.5037735501559777,0.14105659404367377,-1.077235415376045,186,down
RSTRinMEDIA,HALLMARK_INTERFERON_ALPHA_RESPONSE,0.008234519104084322,-0.5681695259909118,-1.604004245738789,95,down,C1S;IFITM1;ISG20;GBP4;GBP2;CXCL11;SELL;RSAD2;IRF1;HERC6;IFI27;IFITM2;IFIT2;RTP4;IFIT3;CSF1;CMPK2;TRIM5;LAMP3;TAP1;SP110;IL15;HELZ2;SAMD9;IFITM3;IFI44L;NUB1;OAS1;CXCL10;PROCR;ISG15;OASL;IRF7;CMTR1;SAMD9L;TMEM140;DDX60;MOV10;SLC25A28;USP18;IFI44;UBE2L6;TRAFD1;IRF9;CCRL2;TRIM26;IFIH1,0.06181940913248286,0.0037091645479489605,-2.7110929728469992,95,down
RSTRinMEDIA,HALLMARK_INTERFERON_GAMMA_RESPONSE,7.592630087062158e-4,-0.5310534144439935,-1.5632340796208228,198,down,IDO1;CFH;KLRK1;IL2RB;C1S;BANK1;GZMA;CCL5;VCAM1;AUTS2;STAT4;ZBP1;ISG20;C1R;XCL1;SELP;GBP6;GBP4;SOCS1;TNFSF10;CD69;BTG1;SSPN;SLAMF7;CD274;PDE4B;CXCL11;VAMP5;IL15RA;RSAD2;IRF1;HLA-DQA1;HERC6;IFI27;TNFAIP3;IFITM2;IFIT2;RTP4;IFIT3;APOL6;NLRC5;CMPK2;PIM1;CFB;TAP1;STAT1;SP110;IL15;HELZ2;ARID5B;CD40;IFITM3;SOD2;IL18BP;CD38;GCH1;IFI44L;SOCS3;CXCL10;HLA-G;IFIT1;FAS;NFKBIA;ISG15;ITGB7;OASL;MT2A;IRF7;SERPING1;CMTR1;SAMD9L;PFKP;DDX60;CCL7;PTPN1;PML;RNF213;SLC25A28;USP18;DDX58;IFI44;UBE2L6;TRAFD1;CIITA;IRF9;TRIM26;IFIH1;IL10RA,0.0029979195954982904,8.952280951204694e-5,-3.782945686040175,198,down
RSTRinMEDIA,HALLMARK_KRAS_SIGNALING_DN,0.07349323981211121,-0.4895580725074859,-1.3876531124116689,100,down,CD40LG;TCL1A;NUDT11;SIDT1;WNT16;EDAR;LYPD3;PDCD1;CLSTN3;IFNG;ZBTB16;NR4A2;SLC25A23;YPEL1;EDN1;SHOX2;CHRNG;GPRC5C;PRODH;TFCP2L1;CELSR2;SYNPO;CCNA1;RSAD2;ITIH3;ABCB11;SLC16A7;SLC12A3;PLAG1;COPZ2;CAMK1D;CD80;IFI44L;STAG3;EGF;KCND1,0.21975365993649237,0.039555658788568586,-1.7655907022242836,100,down
RSTRinMEDIA,HALLMARK_KRAS_SIGNALING_UP,0.025223345910920684,-0.48865951612877895,-1.4255586896997008,160,down,PCSK1N;IGFBP3;FGF9;KIF5C;ETS1;IL7R;NAP1L2;CFH;RGS16;TMEM176B;ABCB1;WNT7A;FLT4;SPON1;TRIB2;CCND2;MPZL2;TMEM176A;IGF2;PLAT;F2RL1;MMP11;MAP4K1;IL2RG;HSD11B1;GFPT2;TRAF1;EREG;TSPAN13;ADGRA2;ST6GAL1;BIRC3;AKAP12;CCL20;GADD45G;TNFAIP3;TMEM158;CXCR4;SATB1,0.2541641250311756,0.050832825006235066,-1.6422320710642682,160,down
RSTRinMEDIA,HALLMARK_MITOTIC_SPINDLE,0.9963423777584146,-0.20685784435725013,-0.6085257588410429,194,down,CDC42EP1;BCAR1;PIF1;NEDD9;SPTBN1;KIF23;PALLD;RHOF;NDC80;CEP72;SYNPO;EPB41;ARHGEF3;NEK2;DLGAP5;KPTN;TUBA4A;NCK2;CDK1;TTK;BCL2L11;KIF2C;PRC1;NET1;KIF22;SPTAN1;MYH10;SUN2;TPX2;TUBD1;RASAL2;TLK1;PCGF5;RICTOR,0.2585738109409774,0.06722919084465415,1.500512976043759,194,up
RSTRinMEDIA,HALLMARK_MTORC1_SIGNALING,0.020593587095505066,0.31314157161361034,1.3562750933979983,194,up,FADS2;FADS1;SCD;CTH;DHCR24;DDIT4;CCNF;CTSC;CYP51A1;RRM2;QDPR;SQLE;CFP;PNO1;SRD5A1;STARD4;DHFR;ITGB2;P4HA1;SLA;SORD;EBP;CALR;HMBS;TPI1;PSMC4;PSAT1;NUFIP1;SLC1A4;BCAT1;HMGCR;GAPDH;PLOD2;GOT1;PGK1;ENO1;GPI;PNP;CANX;HSP90B1;IDH1;IFI30;GBE1;ACTR2;IMMT;PPIA;FKBP2;CDC25A;ACACA;ACSL3;HMGCS1;HSPA5;ATP6V1D;PSMG1;ERO1A;TMEM97;PLK1;LDHA;M6PR;SKAP2;MCM4;SSR1;CCT6A;ALDOA;PSMD13;HSPE1;FDXR;STIP1;PSME3;DDX39A;TUBG1;RPN1;LDLR;DAPP1;SC5D;PIK3R3;RAB1A;CD9;PSMC2;HSPD1;HK2;PSMB5;SDF2L1;AURKA;NFYC;PDAP1;ATP2A2;CACYBP;PSMD12;SLC6A6;USO1;RPA1;CDKN1A;SLC1A5;SHMT2;GGA2;UCHL5,0.002460679199479941,9.842716797919723e-5,3.764935419276435,194,up
RSTRinMEDIA,HALLMARK_MYC_TARGETS_V1,0.04382120946538125,0.296601157629177,1.2846354468126522,194,up,NME1;PRDX4;PSMD1;EXOSC7;MRPL23;C1QBP;PSMC4;LSM2;KPNA2;RUVBL2;PGK1;CANX;PPIA;GLO1;CSTF2;PRDX3;NDUFAB1;LDHA;MCM4;AIMP2;VDAC1;YWHAE;CYC1;CCT5;CNBP;HSP90AB1;HSPE1;SYNCRIP;SLC25A3;APEX1;CDC45;TCP1;GSPT1;CTPS1;GOT2;AP3S1;CCT3;PHB;SNRPD1;XRCC6;TUFM;HNRNPA3;DDX21;HSPD1;HDAC2;EIF3B;SSB;EIF3J;PA2G4;CCT2;PSMD7;HNRNPA2B1;CCT7;PSMA1;FBL;ERH;HPRT1;CDK4;EIF4G2;EIF4A1;PCNA;PSMD8;CCNA2;RANBP1;EIF4H;HNRNPD;PSMB2;POLE3;PWP1;CBX3;PSMA4;HNRNPR;XPO1;UBE2E1;PPM1G;G3BP1;PTGES3;SNRPG;GNL3;SNRPD2;PSMD3;UBE2L3;TFDP1;STARD7;SET;VDAC3;EIF3D;COX5A;RAN;COPS5;PSMD14;CCT4;EIF2S2;TRA2B;PSMA7;ETF1;SNRPA1;FAM120A;SNRPB2;NOP56;PRPF31,0.002595251388392199,1.7212817465287085e-4,3.634815492487162,194,up
RSTRinMEDIA,HALLMARK_MYC_TARGETS_V2,0.18636283342165694,0.3504451006742585,1.2782244830962561,58,up,SLC19A1;RRP12;SORD;PLK4;MAP3K6;EXOSC5;RABEPK;MRTO4;PES1;TMEM97;PLK1;TBRG4;NOP2;MCM4;AIMP2;DCTPP1;IPO4;HSPE1;PHB;NOC4L;HSPD1;HK2;NIP7;PA2G4;SUPV3L1;IMP4;BYSL;MYBBP1A;CDK4;UTP20;RCL1;PPRC1,0.0726583245854816,0.01596932914624716,2.1816851022991077,58,up
RSTRinMEDIA,HALLMARK_MYOGENESIS,0.11162847662183213,-0.45117725342359205,-1.3079950993702298,141,down,IGFBP3;TNNT3;ABLIM1;GNAO1;PTP4A3;DAPK2;CASQ1;VIPR1;SPEG;CNN3;AEBP1;COL6A2;AK1;PYGM;TPM2;ERBB3;CACNA1H;DMPK;EPHB3;SGCD;SSPN;WWTR1;CHRNG;KLF5;TCAP;PVALB;NCAM1;TPD52L1;GADD45B;LAMA2;REEP1;KCNH2;MYBPC3;PKIA;DMD;SORBS1,0.48338344301150443,0.11601202632276106,-1.1979529039179644,141,down
RSTRinMEDIA,HALLMARK_NOTCH_SIGNALING,0.9963423777584146,0.22221829529620865,0.7039368190241002,30,up,FZD5;ST3GAL6;JAG1;ARRB1;PSENEN;FZD1;APH1A;KAT2A;LFNG;CCND1;NOTCH2;NOTCH3;RBX1,0.443939567141564,0.15093945282813184,1.0442473018838183,30,up
RSTRinMEDIA,HALLMARK_OXIDATIVE_PHOSPHORYLATION,0.008234519104084322,0.4253999899194658,1.8278022067772914,183,up,TIMM17A;UQCRQ;NDUFB6;ECI1;COX6C;SLC25A12;MGST3;HTRA2;NDUFC1;NDUFB3;FH;NDUFA8;NDUFA4;NDUFB2;MRPS11;TIMM13;GPI;MRPL34;COX7A2;IDH1;SDHD;IMMT;NDUFB7;HCCS;UQCRH;GLUD1;AIFM1;NDUFS3;RETSAT;BCKDHA;UQCRC1;UQCRC2;NDUFA1;TIMM50;ATP6V0E1;MRPL15;ACAT1;PRDX3;ALDH6A1;NDUFAB1;ATP6V1D;ATP1B1;LDHA;VDAC1;NDUFV1;PDHX;COX7B;COX6B1;NDUFS4;CYC1;CS;NDUFS6;MRPL35;NDUFA6;ATP6V1C1;NDUFS7;COX5B;ACAA1;SLC25A3;OXA1L;HSD17B10;GOT2;NNT;HADHA;VDAC2;SDHB;ETFA;NDUFS8;ATP6V1F;SUCLG1;NDUFS1;POR;SLC25A5;MDH1;COX4I1;IDH2;IDH3B;PDHA1;ECHS1;OGDH;MPC1;COX8A;LRPPRC;CYCS;MRPS15;ABCB7;NDUFB8;SDHC;DLD;MDH2;RHOT1;NDUFS2;SUPV3L1;TIMM9;BAX;PDHB;ATP6V0B;COX6A1;DECR1;PHYH;MRPL11;UQCR10;NDUFB1;IDH3G;AFG3L2;HSPA9;NDUFB5;NDUFA2;SUCLA2;ATP6V0C;OPA1,1.1695858662798397e-4,2.3391717325596795e-6,4.693541627598001,183,up
RSTRinMEDIA,HALLMARK_P53_PATHWAY,0.748634897929132,-0.3384244928189348,-0.9930437818072935,182,down,PERP;RGS16;GLS2;CCND2;F2R;EPS8L2;PTPN14;ZBTB16;AK1;EPHA2;CDK5R1;SOCS1;SDC1;CYFIP2;BTG1;JAG2;PDGFA;TSPYL2;TGFA;ZNF365;TPD52L1;TRAF4;CDKN2A;TRIB3;TAP1;PLK2;ATF3;PITPNC1;DGKA;SLC7A11;ANKRA2;CTSF;PROCR;FAS;LDHB;RPL36;RAD9A;CCND3;NUPR1,0.9464677921418219,0.5868100311279296,-0.21950710692680975,182,up
RSTRinMEDIA,HALLMARK_PANCREAS_BETA_CELLS,0.3786391838082239,-0.5572234564044241,-1.2369848900487421,17,down,CHGA;DPP4;FOXO1;AKT3,0.7720838034049446,0.2779501692257801,-0.5953340826336037,17,down
RSTRinMEDIA,HALLMARK_PEROXISOME,0.9963423777584146,-0.25636755352268803,-0.7212058047350911,91,down,ESR2;ABCD2;ABCB1;EPHX2,0.34777205056162314,0.11128705617971942,1.2239580930582712,91,up
RSTRinMEDIA,HALLMARK_PI3K_AKT_MTOR_SIGNALING,0.748634897929132,-0.3562727115269224,-1.0030381729966225,92,down,LCK;CAMK4;FASLG;PLCG1;IL2RG;PLCB1;SLC2A1;CXCR4;CDKN1B;TRIB3;PDK1;CDK1,0.7056096664127465,0.30515484081406063,0.5105289573609907,92,up
RSTRinMEDIA,HALLMARK_PROTEIN_SECRETION,0.8338149732208223,0.23467350227707878,0.922808179826188,91,up,CTSC;GALC;AP2M1;CLTA;SGMS1;AP2S1;SNX2;CLTC;DST;TMED2;VPS45;M6PR;CD63;LAMP2;OCRL;KIF1B;TMED10;PPT1;AP3B1;ADAM10;DNM1L;NAPG;SCRN1;COPB2;ARFIP1;AP3S1;TMX1;STAM;ERGIC3;SCAMP1;COPE;RAB14;STX12;GOSR2;USO1;VAMP3;ATP7A;ARFGAP3;STX7;SEC24D;COG2,0.0726583245854816,0.01598483140880594,2.167556664940811,91,up
RSTRinMEDIA,HALLMARK_REACTIVE_OXYGEN_SPECIES_PATHWAY,0.9963423777584146,-0.2140662601210429,-0.5599005911317314,47,down,IPCEF1;MGST1;ABCC1;SOD2;PRDX2;CDKN2D;PFKP;G6PD;SBNO2;PDLIM1;MBP;GCLM;TXNRD1,0.7056096664127465,0.3104682532216084,0.4965945571608327,47,up
RSTRinMEDIA,HALLMARK_SPERMATOGENESIS,0.27072817688265477,-0.4496441421744357,-1.2551106159825298,84,down,PCSK1N;IL12RB2;CAMK4;PCSK4;GFI1;TKTL1;POMC;HSPA2;CCT6B;NCAPH;JAM3;CCNA1;STRBP;NEK2;GPR182;GSTM3;CDK1;TTK;CDKN3;NPHP1;KIF2C,0.5999536163735486,0.17998608491206464,-0.9180229353590013,84,down
RSTRinMEDIA,HALLMARK_TGF_BETA_SIGNALING,0.27072817688265477,-0.48172404806414987,-1.2796024144386997,53,down,ID1;TJP1;NOG;BCAR3;SMAD3;SPTBN1;WWTR1;CDH1;PMEPA1,0.7169145704626121,0.2437509539572881,-0.6968554323331352,53,down
RSTRinMEDIA,HALLMARK_TNFA_SIGNALING_VIA_NFKB,0.02803984289589829,-0.4684528116455399,-1.379147264312545,199,down,IL7R;CCL5;SPSB1;DUSP2;F2RL1;CLCF1;TNFRSF9;NR4A2;CXCL6;CD69;SMAD3;EDN1;BTG1;NR4A1;GFPT2;EGR3;TRAF1;SIK1;CXCL1;KLF2;PDE4B;CXCL11;PMEPA1;BIRC3;FOSB;IL15RA;CCL20;IRF1;BTG3;ZC3H12A;TNFAIP3;GADD45B;MSC;IFIT2;EGR2;TNC;CSF1;OLR1;PNRC1;EFNA1;KLF9;DUSP4;CD83;TAP1;PLK2;PLPP3;TIPARP;ATF3;CXCL2;PHLDA1;CD80;SOD2;IER2;GCH1;SOCS3;CXCL10;EHD1;INHBA;NFKBIA;IL23A;MYC;GPR183;SDC4;B4GALT5;MCL1;ABCA1;KDM6B;TSC22D1;ZBTB10;CCNL1;NFKB2;HES1;EGR1;BTG2;LITAF;DDX58;MAFF;NFKBIE;CCRL2;IFIH1;PTX3;PER1;CXCL3;BCL2A1;TNIP1;TANK;IL6ST;CCL4;TNF;TNFAIP6;PFKFB3;ZFP36;RELB;KLF10;TNIP2;JUN;AREG;RNF19B,0.13915423928965892,0.01113233914317271,-2.2952270131111665,199,down
RSTRinMEDIA,HALLMARK_UNFOLDED_PROTEIN_RESPONSE,0.9687477470982626,0.21379150309006734,0.8632449199157772,106,up,TUBB2A;DDIT4;VEGFA;PDIA6;WFS1;SRPRB;CALR;PSAT1;LSM1;SLC1A4;HSP90B1;EXOSC5;EIF4EBP1;HSPA5;ERO1A;DNAJC3;ATP6V0D1;SSR1;SPCS1;YIF1A;DDX10;LSM4;PDIA5;ATF6;POP4,0.0726583245854816,0.013702364832013286,2.228279396635849,106,up
RSTRinMEDIA,HALLMARK_UV_RESPONSE_DN,0.17117513338782708,-0.4442546580458036,-1.2800919323223243,127,down,TGFBR3;PDGFRB;CDON;INPP4B;FYN;ID1;ITGB3;APBB2;TJP1;ATP2B4;SCN8A;MT1E;CACNA1A;SMAD3;CAV1;IRS1;PRKCE;DLC1;ADD3;PTPN21;AKT3;LTBP1;KCNMA1;GRK5;CDKN1B;VLDLR;BMPR1A;SYNE1;FHL2;PLPP3;ABCC1;SYNJ2;SFMBT1;SMAD7;ICA1;IGF1R;AMPH;SIPA1L1;KIT;MYC;NR1D2,0.5037735501559777,0.1345693486637273,-1.1074989684960101,127,down
RSTRinMEDIA,HALLMARK_UV_RESPONSE_UP,0.7757249213028785,-0.33109156075153634,-0.9595464257522217,140,down,AQP3;ABCB1;RASGRP1;NPTXR;HSPA2;CYP1A1;BTG1;NR4A1;SHOX2;PTPRD;MAPK8IP2;FOSB;CLCN2;CCNE1;IRF1;BTG3;ASNS;E2F5;ENO2;KCNH2;TUBA4A;TAP1;ATF3;CXCL2;SOD2;GCH1;SLC25A4;BCL2L11;NFKBIA;RAB27A;GLS;CCND3;HLA-F,0.7895179903980832,0.37542897300118355,0.31782899774904494,140,up
RSTRinMEDIA,HALLMARK_WNT_BETA_CATENIN_SIGNALING,0.04382120946538125,-0.6108719288772497,-1.5455682125258166,37,down,LEF1;TCF7;CCND2;PTCH1;AXIN2;GNAI1;JAG2;NKD1;NOTCH4;WNT5B;DLL1;MYC;HEY1;FRAT1;FZD8;CSNK1E;CUL1;AXIN1,0.21975365993649237,0.03564037639879189,-1.8315102468883708,37,down
RSTRinMEDIA,HALLMARK_XENOBIOTIC_METABOLISM,0.7757249213028785,-0.3297352800772909,-0.9610765857820504,157,down,ABCD2;TMEM176B;PTGES;CYP2E1;UPB1;AOX1;EPHA2;CYP2J2;ACSM1;BCAR1;SLC22A1;PDK4;PTGDS;NDRG2;CYP1A1;CYFIP2;HSD11B1;APOE;ATOH8;PROS1;LCAT;IGFBP4;TPST1;TKFC,0.7032788968542464,0.28131155874169855,0.5795703803433712,157,up
RSTRinTB,HALLMARK_ADIPOGENESIS,0.0016595306847223606,0.38855722346316973,1.7887167673757851,180,up,ANGPTL4;RETN;LEP;ITSN1;ADCY6;ABCA1;LIFR;ANGPT1;PFKFB3;PPARG;SOWAHC;FAH;GBE1;CD151;GPX3;GPAT4;APLP2;CD36;ALDH2;ATP1B3;IFNGR1;ALDOA;LTC4S;ITGA7;YWHAG;CD302;BCL6;CMBL;UCP2;PLIN2;ARAF;MRPL15;UQCRC1;ACADS;RIOK3;IDH3G;DLD;C3;PHLDB1;PRDX3;CCNG2;GPD2;RTN3;UBC;RNF11;UQCRQ;COX8A;COX6A1;GPX4;DHRS7;PFKL;POR;MTCH2;CYC1;AIFM1;GHITM;MGST3;TST;NDUFA5;CPT2;CHCHD10;PIM3;UCK1;REEP5;STOM;COX7B;IMMT;ACOX1;GPHN;DNAJB9;CAT;RAB34;PEMT;SLC27A1;CS,3.977522551071702e-5,3.1820180408573625e-6,4.586953922248781,180,up
RSTRinTB,HALLMARK_ALLOGRAFT_REJECTION,5.16817232753809e-4,-0.5110758040169311,-1.7207865421596353,181,down,IFNG;IL2;CXCL9;CD40LG;CD3E;CD28;LTB;ITK;TRAT1;CD8B;CD3G;LCK;CD3D;CD7;ZAP70;CD2;CD8A;SIT1;KLRD1;CD247;CD96;IL2RB;GCNT1;NCR1;MAP4K1;IL12B;F2R;FASLG;GBP2;ETS1;GZMB;CD79A;IRF8;IL18RAP;PRF1;CCND2;CDKN2A;APBB1;GZMA;SOCS1;TLR3;HLA-DOB;ELANE;IL16;TAP1;FAS;STAT1;IL27RA;IL15;LY75;CCL13;JAK2;ITGAL;HLA-DOA;CXCR3;HLA-DMB;CRTAM,0.3736150382394781,0.007472300764789558,-2.4489410967980887,181,down
RSTRinTB,HALLMARK_ANDROGEN_RESPONSE,0.026435659671384414,0.34559468034634744,1.4465625308879357,89,up,ADAMTS1;MERTK;MAK;LIFR;ITGAV;SMS;SCD;ELL2;HSD17B14;NDRG1;ACTN1;MAP7;UBE2J1;SAT1;PTPN21;FADS1;B4GALT1;DBI;ZMIZ1;MYL12A;SLC26A2;AKT1;ARID5B;INSIG1;SORD;PDLIM5;SEC24D;SPCS3;GNAI3;TNFAIP8;ELOVL5;CAMKK2;SGK1;NCOA4;TMEM50A;XRCC6;NKX3-1;SRF;TSC22D1;LMAN1;DNAJB9;RRP12;RAB4A,0.010036269218873697,0.0028101553812846392,2.80479870306874,89,up
RSTRinTB,HALLMARK_ANGIOGENESIS,0.0016380553007469532,0.6612997725055372,2.1422302112819733,26,up,VCAN;VEGFA;TNFRSF21;TIMP1;PF4;THBD;OLR1;S100A4;ITGAV;SPP1;VAV2;NRP1;PRG2,0.008764413909099116,0.0022787476163657616,2.992520523720241,26,up
RSTRinTB,HALLMARK_APICAL_JUNCTION,0.3679078479771721,-0.34287579753915165,-1.1379080951503941,146,down,PCDH1;CDH1;LAYN;AMIGO1;GAMT;ITGA3;MPZL2;ADAM23;ATP1A3;VCAM1;PLCG1;ICAM4;IRS1;SGCE;EVL;PARD6G;LAMC2;SDC3;SPEG;TMEM8B;AMIGO2;HADH;ACTN2;CD274;MADCAM1;ICAM2,0.5108674972306236,0.3984766478398864,0.2575374008299798,146,up
RSTRinTB,HALLMARK_APICAL_SURFACE,0.2630276178998795,-0.46966226814332906,-1.2863873745248133,32,down,MAL;MDGA1;GATA3;GHRL;IL2RB;CD160;EPHB4;CROCC;SLC34A3;TMEM8B,0.820607190724962,0.7385464716524657,-0.6431534746539859,32,up
RSTRinTB,HALLMARK_APOPTOSIS,0.26212918310682454,0.25124087331879663,1.133868203547285,151,up,EREG;TIMP1;IL1B;IL6;IL1A;CD14;NEFH;GNA15;IFNB1;BNIP3L;CD44;IL18;DNAJC3;GPX3;BRCA1;AIFM3;SOD2;BCL2L2;CDK2;IER3;TNFRSF12A;GSTM1;MMP2;IFNGR1;SAT1;CTNNB1;EMP1;HGF;CASP1;TOP2A;PEA15;ANXA1;PSEN1;GPX1;TSPO;ENO2;HMOX1;LMNA;RHOB;APP;RARA;PPT1;GSN;TIMP2;ETF1;PPP2R5B;BTG3,0.09552864236686298,0.05150866981411728,1.6354253702737072,151,up
RSTRinTB,HALLMARK_BILE_ACID_METABOLISM,1,-0.23305026046929594,-0.733178480254786,83,down,EPHX2;LCK;ABCD2;NR3C2;TFCP2L1;LIPE;ABCA2;PAOX;GSTK1;ABCA3;PXMP2;ABCA5;AMACR;FDXR;ISOC1,0.3380621435599312,0.25016598623434905,0.6754766909201717,83,up
RSTRinTB,HALLMARK_CHOLESTEROL_HOMEOSTASIS,0.014593117355196477,0.3914373667581661,1.567852237244248,68,up,PLAUR;NFIL3;PPARG;SCD;ALDOC;TNFRSF12A;ALCAM;PNRC1;S100A11;FADS2;FABP5;CTNNB1;ANXA5;PLSCR1;CD9;CYP51A1;PMVK;LSS;CXCL16;ANTXR2;GUSB;ATF5;STARD4;CBS;CPEB2,0.011176519676139467,0.003576486296364622,2.7369468357056403,68,up
RSTRinTB,HALLMARK_COAGULATION,0.0016380553007469532,0.40408601225615887,1.7399969804592124,107,up,MMP1;MMP10;HTRA1;MMP3;TIMP1;PF4;THBD;OLR1;GNG12;THBS1;SERPINA1;SPARC;CTSV;MEP1A;FN1;ANG;MMP15;P2RY1;CPQ;BMP1;CFD;PECAM1;LRP1;PROS1;SH2B2;C1QA;ADAM9;F12;CTSB;MMP2;MMP14;TFPI2;PEF1;C2;SERPINB2;CTSH;CD9;GNB2;ANXA1;RAC1;MMP9;F3;LAMP2;DUSP6;C3;FURIN;ARF4;GSN;PDGFB,0.011223553533352535,0.003816008201339854,2.6954249371919445,107,up
RSTRinTB,HALLMARK_COMPLEMENT,0.8543566728983547,-0.27184332808209893,-0.915843393511604,183,down,HPCAL4;CD40LG;CR2;C1S;C1R;GZMK;LCK;IRF1;GATA3;DOCK9;PCLO;ZEB1;SERPING1;CFH;SPOCK2;ERAP2;GZMB;GZMA;PLAT;PSMB9;KLKB1;FYN;DYRK2;TMPRSS6;ACTN2;JAK2;CP;DPP4;CDH13;RASGRP1;KIF2A;MSRB1;GP1BA;PIK3CG;CCL5;KLK1;MMP12,0.1785159149865212,0.12014595545253014,1.176331117988999,183,up
RSTRinTB,HALLMARK_DNA_REPAIR,0.4573596313524212,0.2348790393713923,1.0533893770176885,145,up,ADCY6;ADA;CDA;ELL;PNP;PDE4B;RFC3;HPRT1;POLR2H;CANT1;SDCBP;DAD1;NME4;RFC2;NUDT9;TAF13;TMED2;ARL6IP1;POLR2G;TYMS;EIF1B;BCAP31;MPC2;BRF2;GPX4;DCTN4;RBX1;AGO4;TARBP2;POLR2J;ZNF707;GTF2F1;POLR2K;POLL;CLP1;HCLS1;NME1;TAF1C;GUK1;COX17;SAC3D1;POLR2E;POLD3;CETN2;SEC61A1,0.016358730553886935,0.005889142999399296,2.5395120890912524,145,up
RSTRinTB,HALLMARK_E2F_TARGETS,1,-0.17373546618024358,-0.5866474241703155,190,down,CENPM;CDKN2A;GINS1;PSIP1;MCM6;DCTPP1;ASF1A;WEE1;CDKN2C;ATAD2;BUB1B;PSMC3IP;PLK1;MYC;MAD2L1;UBE2T;TACC3;LIG1;LMNB1;KIF22;DSCC1;ORC2;MSH2;BIRC5;HMGB2;TP53;CBX5;RFC1;CDC25B;PMS2;ORC6;DUT;PCNA;HELLS;SPC24;MCM3;EXOSC8;CDKN3;LUC7L3;PAN2;RAD1,0.1785159149865212,0.11528096664974212,1.201272265296361,190,up
RSTRinTB,HALLMARK_EPITHELIAL_MESENCHYMAL_TRANSITION,0.0016595306847223606,0.4540181155248176,2.053515943427302,154,up,AREG;VCAN;MMP1;PTX3;VEGFA;SLIT3;HTRA1;THBS2;MMP3;TIMP1;PCOLCE2;IL6;NT5E;ANPEP;PLAUR;THBS1;GEM;PLOD2;SPARC;CXCL12;ITGAV;FN1;SPP1;OXTR;BASP1;PMP22;BMP1;TGM2;VIM;CD44;LRP1;ITGB5;MEST;COL8A2;LGALS1;COLGALT1;TPM4;CXCL1;TNFRSF12A;ITGA5;TGFBI;LAMA1;SPOCK1;ECM1;MMP2;FBN2;DAB2;PCOLCE;FSTL1;SAT1;MMP14;TNFAIP3;TFPI2;QSOX1;INHBA;SERPINE2;EMP3;CALU;CD59;PLOD1;CXCL8;FERMT2;PVR;PLOD3;ITGB1;COL1A1;ENO2;RHOB;TNC;COL7A1;ELN;FGF2;NOTCH2;LAMA3;CAPG;COPA;GREM1,3.8958811005128315e-4,6.23340976082054e-5,3.890027474233706,154,up
RSTRinTB,HALLMARK_ESTROGEN_RESPONSE_EARLY,0.676305833435923,-0.2937757995515986,-0.9844302245976259,168,down,KRT18;TJP3;SYBU;KRT8;PRSS23;MLPH;SYNGR1;BCL11B;ESRP2;TMPRSS3;MYBL1;ABLIM1;TPD52L1;TSKU;FAM102A;CELSR2;FCMR;AQP3;RAPGEFL1;ADCY1;SLC1A1;ADD3;CISH;ABCA3;MAST4;JAK2;SLC22A5;DEPTOR;GREB1;LRIG1;RASGRP1;SLC9A3R1;OLFM1;NXT1;MYC;REEP1;AKAP1;NBL1;CLIC3;TFAP2C;CBFA2T3;MYBBP1A,0.5769015786167739,0.4845973260380901,0.03864850412206734,168,up
RSTRinTB,HALLMARK_ESTROGEN_RESPONSE_LATE,1,-0.22598443906748458,-0.7551195688708358,161,down,CDH1;TJP3;PRSS23;TMPRSS3;CACNA2D2;TPD52L1;ATP2B4;FAM102A;CELSR2;PLXNB1;LSR;RAPGEFL1;GPER1;LAMC2;ADD3;CISH;ABCA3;PDCD4;LLGL2;FGFR3;JAK2;SLC22A5;GAL;PERP;SLC9A3R1;OLFM1;NXT1;CCNA1;XRCC3;NBL1;DCXR;CLIC3;PTGER3;TFAP2C,0.1785159149865212,0.12139082219083437,1.1702420231392112,161,up
RSTRinTB,HALLMARK_FATTY_ACID_METABOLISM,0.6374058458477427,0.2228603049776971,0.9920134792205487,135,up,G0S2;ACSL4;SMS;CD1D;ACSL1;LGALS1;HSD17B10;AOC3;LDHA;MIF;CD36;MAOA;TP53INP2;HSDL2;ALDOA;S100A10;LTC4S;HSD17B4;IL4I1;GLUL;ACADS;CEL;ALDH3A2;IDH3G;DLD;ENO2;CA2;VNN1;GPD2;ALDH1A1;FH;SDHD;OSTC;BLVRA;RDH11;CPOX;ETFDH;EPHX1;SERINC1;ACSL5;HADHB;PCBD1;CPT2;UGDH;ELOVL5;SUCLA2;ACADVL;UROD;ALDH9A1;ACOX1,0.01989384742503118,0.00795753897001247,2.427235109809629,135,up
RSTRinTB,HALLMARK_G2M_CHECKPOINT,1,0.12954713131728318,0.5986285347246963,185,up,MARCKS;EXO1;MKI67;SLC7A5;TTK;HIF1A;BCL3;MT2A;HMGB3;BARD1;AURKA;TFDP1;CENPA;CDC7;TPX2;TOP2A;NUSAP1;CDC25A;KIF15;EFNA5;ESPL1;HUS1;ATF5;NOTCH2;PLK4;TROAP;SAP30;ODF2;CHMP1A;GINS2;RACGAP1;CDC45;UBE2S;RAD21;KIF4A;SMC1A;NUP98;KATNA1;KIF5B;SQLE;E2F3;KPNB1;RAD23B;CDC27;CDK4;SMC2;TNPO2;CUL4A;SYNCRIP;CUL3;EWSR1;BRCA2;MAPK14;G3BP1;BUB1;WRN;UBE2C,0.059326520938034366,0.024917138793974437,1.969424499435766,185,up
RSTRinTB,HALLMARK_GLYCOLYSIS,0.0016595306847223606,0.41899378863287606,1.9232083816894343,171,up,ANGPTL4;VCAN;VEGFA;ALDH7A1;DDIT4;MET;MERTK;NT5E;PLOD2;HK2;P4HA2;PPFIA4;SDC2;TPST1;ANG;TPI1;PC;P4HA1;TGFA;ADORA2B;DSC2;CHST2;CD44;PGK1;AK4;LDHA;MIF;IER3;TPBG;ENO1;SLC16A3;PKM;TGFBI;PAM;ERO1A;PGAM1;PYGL;ALDOA;QSOX1;GYS1;VLDLR;HSPA5;AURKA;CENPA;PLOD1;PPP2CB;B4GALT1;UGP2;CITED2,3.1075750159700036e-4,4.350605022357991e-5,3.9720508513955552,171,up
RSTRinTB,HALLMARK_HEDGEHOG_SIGNALING,0.47139928560806776,-0.4165577970817519,-1.1136972135790617,28,down,GLI1;NRCAM;PTCH1;ADGRG1;AMOT;OPHN1,0.5173649212091995,0.4138919369673596,0.21875988343437774,28,up
RSTRinTB,HALLMARK_HEME_METABOLISM,0.9927032572939086,-0.23937713101266223,-0.8021425971983133,168,down,ACSL6;ADD2;FN3K;SLC6A9;SLC25A38;DMTN;SPTA1;ANK1;ICAM4;OSBP2;SPTB;CDR2;EPB41;AQP3;TSPAN5;RHD,0.09552864236686298,0.05143168534015894,1.635610389147342,168,up
RSTRinTB,HALLMARK_HYPOXIA,0.0016595306847223606,0.5152527948970979,2.3530772007640746,167,up,ANGPTL4;CA12;VEGFA;DDIT4;HS3ST1;IL6;STBD1;DUSP1;TMEM45A;FOSL2;NEDD4L;PLAUR;HAS1;NFIL3;FOS;DTNA;PFKFB3;S100A4;SLC2A3;HK2;BNIP3L;P4HA2;PPFIA4;SDC2;TPI1;P4HA1;ADORA2B;SLC2A5;TGM2;CHST2;FOXO3;PGK1;AK4;GBE1;GAPDH;SRPX;ALDOC;NDRG1;LDHA;MIF;IER3;TPBG;ENO1;LXN;TGFBI;PAM;ERO1A;PNRC1;ALDOA;MT2A;TNFAIP3;ANXA2;GAA;BHLHE40;GPI;GYS1;VLDLR;HSPA5;PPARGC1A;ADM;PPP1R15A;SLC2A1;PLIN2;UGP2;CITED2;AMPD3;NDST1;ZFP36;CDKN1C;MAP3K1;F3;ENO2;HMOX1;NAGK,7.793780295862175e-7,3.117512118344881e-8,5.538220784328134,167,up
RSTRinTB,HALLMARK_IL2_STAT5_SIGNALING,0.06872574385510996,0.2642012019883781,1.2213883491372737,186,up,IL1RL1;TNFRSF8;TNFRSF21;IL10;SMPDL3A;SLC39A8;TNFRSF1B;WLS;NT5E;RGS16;MXD1;NFIL3;MAP6;SLC2A3;HK2;ITGAV;SPP1;NRP1;IL2RA;P4HA1;IRF6;TGM2;CYFIP1;CD44;DENND5A;FAH;TIAM1;TNFRSF18;NDRG1;CKAP4;PNP;SH3BGRL2;GSTO1;ECM1;ALCAM;IFNGR1;AHR;BHLHE40;SNX9;SPRED2;EMP1;SERPINB6;CD48;PLSCR1;PLIN2;SWAP70;MYO1C;MYO1E;CDKN1C;NCS1;NFKBIZ;RHOB;CD81;MAPKAPK2;CA2;CSF2;CD86;FURIN,0.1261842754217699,0.07318687974462652,1.4557478096854102,186,up
RSTRinTB,HALLMARK_IL6_JAK_STAT3_SIGNALING,0.027300095675564663,0.34978796824246683,1.4463583046216975,82,up,TNFRSF21;ACVRL1;IL1B;PF4;TNFRSF1B;IL6;CXCL13;CD14;CXCL3;CSF3R;IL1R1;TLR2;IFNGR2;IL2RA;CD44;SOCS3;CD36;GRB2;CXCL1;TNFRSF12A;CRLF2;IFNGR1;LEPR;CD9;IFNAR1;PTPN2;IL10RB;IL7;MYD88;TNFRSF1A;HMOX1;ACVR1B;CSF2RA;CSF2;IL13RA1;IL17RA;EBI3,0.09552864236686298,0.05328000548833361,1.6244524830072389,82,up
RSTRinTB,HALLMARK_INFLAMMATORY_RESPONSE,0.0016595306847223606,0.47177579267600434,2.180994833645083,186,up,FPR1;MARCO;AQP9;ADGRE1;CSF3;IL10;NLRP3;NDP;CCL20;C3AR1;EREG;TIMP1;IL1B;MET;TNFRSF1B;HBEGF;IL6;IL1A;SCN1B;CD14;OLR1;RGS16;NAMPT;PDPN;ABCA1;GNA15;PLAUR;MXD1;P2RY2;ITGB8;OSM;CSF3R;IL1R1;RNF144B;MEP1A;TLR2;SLC1A2;MEFV;IFNGR2;FFAR2;ADORA2B;GPR183;SGMS2;CHST2;PTGIR;CD55;TNFAIP6;IL18;STAB1;IRAK2;LPAR1;HRH1;CD82;NFKBIA;HAS2;LYN;BEST1;TPBG;ATP2B1;SLAMF1;ITGA5;HIF1A;NOD2;MMP14;NFKB1;AHR;C5AR1;SLC11A2;INHBA;PDE4B;IL7R;CLEC5A;EMP3;ADM;CD48;RHOG;AXL;IFNAR1;CXCL8,2.0774923154332902e-4,2.492990778519941e-5,4.111681027157351,186,up
RSTRinTB,HALLMARK_INTERFERON_ALPHA_RESPONSE,0.3043768051544101,-0.37400007829635007,-1.1940672189800725,95,down,CXCL10;CXCL11;C1S;GBP4;IRF1;IFITM1;GBP2;SELL;PSMB9;BATF2;TAP1;IL15;CASP8;TRAFD1;LPAR6;UBE2L6;PSME2;TMEM140;RTP4;IFITM2;PARP9;PSMB8;ISG20;SP110;NUB1;LAP3;STAT2;NCOA7;SAMD9L;CSF1;DDX60;IFI44L,0.9054665174548754,0.8511385264075829,-1.0442341686416738,95,up
RSTRinTB,HALLMARK_INTERFERON_GAMMA_RESPONSE,0.017754736612868104,-0.4133148724849036,-1.3989459599425107,198,down,CXCL9;CXCL10;CXCL11;C1S;VAMP5;CIITA;C1R;GBP4;IDO1;FCGR1A;P2RY14;IRF1;KLRK1;SECTM1;BANK1;IL2RB;AUTS2;GBP6;SERPING1;VCAM1;CFH;CD69;XCL1;IRF8;NLRC5;GPR18;ZBP1;GZMA;SOCS1;APOL6;PSMB9;BATF2;TAP1;FAS;STAT1;IL15;SSPN;CD274;SELP,0.6405709364933921,0.03843425618960353,-1.7741195629775208,198,down
RSTRinTB,HALLMARK_KRAS_SIGNALING_DN,0.015238082251554487,-0.4709411212655421,-1.5113313163404067,100,down,IFNG;CD40LG;GAMT;YPEL1;EDAR;WNT16;TCL1A;CLSTN3;TCF7L1;IL12B;ZC2HC1C;TFCP2L1;CELSR2;THRB;SIDT1;KRT5;GPR19;NRIP2;PDE6B;PDK2;GPR3;DTNB;HSD11B2;STAG3;CCDC106;PLAG1;FGFR3;SLC12A3,0.6405709364933921,0.02781713766911783,-1.9275985233943707,100,down
RSTRinTB,HALLMARK_KRAS_SIGNALING_UP,0.0020265888456549937,0.32422346603709307,1.4726679295785305,160,up,ANGPTL4;ALDH1A2;PTGS2;MMP10;RETN;ADGRA2;CCL20;C3AR1;EREG;IL1B;MYCN;TNFRSF1B;HBEGF;SCN1B;RGS16;G0S2;PLAUR;EPB41L3;F13A1;CLEC4A;ETV5;SPP1;TFPI;PPBP;NRP1;MAFB;PECAM1;ENG;ITGB2;KCNN4;GPNMB;FCER1G;YRDC;LAT2;ERO1A;MAP7;TNFAIP3;INHBA;IGF2;EMP1;IL7R;TLR8;PPP1R15A;LCP1;USP12;BTBD3;ADAMDEC1;JUP;LAPTM5;SDCCAG8;SCG3;EVI5;MAP3K1;MMP9;DUSP6;CA2;CSF2RA;CSF2;DNMBP,0.09552864236686298,0.05349603972544324,1.617000579527385,160,up
RSTRinTB,HALLMARK_MITOTIC_SPINDLE,0.596656341831467,0.2184755360793951,1.0126627292982837,194,up,FGD4;ITSN1;CDC42EP2;MARCKS;DLGAP5;PKD2;CDC42BPA;SYNPO;TIAM1;FSCN1;TTK;TUBGCP2;PLEKHG2;ARAP3;AURKA;CDC42EP4;KPTN;CLIP2;TPX2;TOP2A;ARHGEF11;NUSAP1;CTTN;NET1;ECT2;MARK4;MYO1E;KIF15;MAP1S;ESPL1;YWHAE;NOTCH2;CAPZB;GSN;KIF3B;HDAC6;PPP4R2;MAP3K11;ABI1;CDC42;FLNA;ARHGDIA;PDLIM5;DOCK4;ARHGEF2;EPB41L2;RACGAP1;MAPRE1;BCAR1;KIF1B;HOOK3;STAU1;CCDC88A;ARHGAP27;KIF4A;PREX1,0.011158265152952504,0.0033474795458857407,2.72857569285717,194,up
RSTRinTB,HALLMARK_MTORC1_SIGNALING,0.0016595306847223606,0.4151955941442264,1.9244859681036328,194,up,DDIT4;NAMPT;PLOD2;NFIL3;CFP;BCAT1;SLC2A3;HK2;TPI1;P4HA1;FKBP2;PGK1;AK4;SCD;GBE1;ITGB2;PHGDH;GAPDH;SLC7A5;PNP;LDHA;ENO1;ERO1A;ALDOA;FADS2;TFRC;BHLHE40;GPI;FADS1;VLDLR;HSPA5;AURKA;CALR;PPP1R15A;SLC2A1;SLC7A11;IFI30;CD9;CYP51A1;HPRT1;MAP2K3;HSP90B1;RRM2;TBK1;CANX;CDC25A;CTSC;ACTR2;SLC6A6;PSMG1;SKAP2;INSIG1;PSMC6;STARD4;ETF1;SORD;M6PR;XBP1;PPIA;RDH11;RPN1;SDF2L1;TMEM97;PFKL;ATP6V1D;NFYC;ACTR3;SLA;ACACA;LGMN;PSMC4;GLA;EDEM1;PSMC2;SRD5A1;PDAP1;ELOVL5;PNO1;UFM1;IMMT;RIT1;SQLE;LDLR;CCT6A;GOT1;USO1;UBE2D3;PSMD13;EGLN3;SEC11A;PPA1;PSMA3;DHCR24;GLRX;CYB5B;STIP1;BUB1;PDK1;HSPA9;HMGCS1;ATP2A2;ADIPOR2;PSMD14,1.5476559787706037e-6,9.285935872623599e-8,5.326980288625348,194,up
RSTRinTB,HALLMARK_MYC_TARGETS_V1,1,0.178765164583098,0.8285999554860465,194,up,PGK1;CDK2;LDHA;VDAC1;PSMA6;TFDP1;HPRT1;HDGF;CANX;AP3S1;SNRPB2;PRDX3;EIF4G2;YWHAE;PRDX4;PSMD8;PSMC6;ETF1;HNRNPA2B1;SSB;RRM1;TYMS;LSM2;HDAC2;PPIA;HNRNPC;GLO1;CBX3;PSMD1;CYC1;PSMC4;CDC45;EIF4H;UBE2L3;CCT3;EIF4A1;UBE2E1;PSMA1;NME1;CCT5;RAN;COX5A;XRCC6;KPNB1;RAD23B;CDK4;AIMP2;ILF2;SYNCRIP;TCP1;EIF3J;ERH;PSMD7;PSMB2;SLC25A3;HNRNPA3;PCBP1;SNRPG;EIF3B;EIF3D;G3BP1;HSP90AB1;PSMD14;EIF2S2;UBA2;FAM120A;PSMA7;VBP1;YWHAQ;EIF2S1;PSMA4;PABPC4;EIF4E;PTGES3;TRA2B;DDX21;COPS5;PSMD3;CCT7;HNRNPU,0.007398676912552087,0.0016277089207614528,2.970003705497266,194,up
RSTRinTB,HALLMARK_MYC_TARGETS_V2,0.8589638638755702,-0.2841065152264378,-0.8542008450801455,58,down,SLC29A2;RCL1;DCTPP1;WDR74;PLK1;MYC;TFB2M;MYBBP1A;NIP7;NOP2;PUS1;SLC19A1;NDUFAF4;IPO4;NOP56;PRMT3;GNL3;GRWD1;WDR43;IMP4;UTP20;SRM;PPRC1;RRP9;EXOSC5;SUPV3L1;MCM5,0.5986781172174516,0.5148631808070083,-0.037367424620883806,58,up
RSTRinTB,HALLMARK_MYOGENESIS,0.4573596313524212,-0.33030724552107715,-1.093065378688509,141,down,IGFBP3;CACNA1H;DMD;CKMT2;DAPK2;VIPR1;GNAO1;ABLIM1;CNN3;TPD52L1;COL6A2;AK1;TNNT3;SORBS1;CHRNB1;SPEG;SH3BGR;MYBPH;DMPK;PTP4A3;SSPN;ERBB3;ACTN2;COL6A3;LPIN1;CASQ1;CDH13;MYH3;SGCD;MYOM1;MYOM2;TPM2;MYLK,0.599309467269165,0.5273923311968651,-0.0687785955125651,141,up
RSTRinTB,HALLMARK_NOTCH_SIGNALING,0.4573596313524212,0.32591207108036613,1.0947239110366127,30,up,DLL1;DTX2;HES1;ARRB1;PPARD;ST3GAL6;APH1A;NOTCH2;TCF7L2;SAP30;RBX1,0.1571658466171623,0.09504818377775388,1.3281901565099146,30,up
RSTRinTB,HALLMARK_OXIDATIVE_PHOSPHORYLATION,0.0024151672503320855,0.32967880901454866,1.5204811060327608,183,up,COX6C;HSD17B10;LDHA;VDAC1;GPI;NDUFS6;CYB5R3;COX7A2;MRPL15;UQCRC1;ATP6V0E1;PDHX;NDUFA1;ATP6V1C1;IDH3G;DLD;NDUFS4;PRDX3;TIMM17A;ATP6V1F;FH;SDHD;MRPS11;UQCRH;NDUFA8;NDUFC2;COX5B;UQCRQ;COX8A;MRPL11;TCIRG1;COX6A1;ATP6V1E1;GPX4;VDAC2;POR;ETFDH;ATP6V1D;NDUFA6;CYC1;MFN2;AIFM1;MGST3;NDUFB3;SLC25A5;NDUFB2;NDUFS8;GLUD1;CYCS;ATP6V1H;ATP6AP1;NDUFA4;HADHB;NDUFA5;COX17;NDUFB5;SUCLA2;COX6B1;COX5A;COX7B;NDUFB8;ETFA;ACADVL;IMMT;FDX1;TOMM22;ATP6V1G1;CS;ATP6V0C;OAT;TIMM8B;ALDH6A1;ATP6V0B;SLC25A3;SDHB;UQCRC2;NDUFB1;MRPL35;UQCRB;GRPEL1;HSPA9;OPA1;NQO2;CYB5A;TIMM10;MDH2;RHOT1;NDUFS2;SLC25A11;MRPS15;RETSAT;AFG3L2;ACO2;IDH3B;ACAA2;COX4I1;NDUFB6;UQCR11;TIMM13;OGDH;ACAA1;COX7C;PDHA1;UQCRFS1;MRPS22;HADHA;PHB2;POLR2F;HCCS;BCKDHA;NDUFC1;COX15;SUCLG1;NDUFB4;TIMM50;NDUFAB1;MDH1;NDUFA2;DLST;ETFB,1.275815369318903e-4,1.2758153693189005e-5,4.2894846409070935,183,up
RSTRinTB,HALLMARK_P53_PATHWAY,0.3043768051544101,0.23795277190199365,1.0963484279184645,182,up,DDIT4;HBEGF;IL1A;STEAP3;TCHH;RGS16;TM4SF1;MXD1;FOS;ADA;S100A4;PLK2;TGFA;VDR;FOXO3;CD82;NDRG1;IER3;RXRA;UPP1;NINJ1;EPHA2;S100A10;SAT1;TCN2;SERTAD3;PLXNB2;ZFP36L1;PPP1R15A;SLC7A11;IFI30;SPHK1;CASP1;IRAK1;HMOX1;IER5;CD81;ACVR1B,0.09152942631493181,0.043934124631167255,1.7114272446553087,182,up
RSTRinTB,HALLMARK_PANCREAS_BETA_CELLS,0.2347069018376119,0.46727169531994095,1.3522156745091787,17,up,LMO2;INSM1;VDR;MAFB;CHGA,0.18928921936161594,0.13628823794036354,1.1163952835906286,17,up
RSTRinTB,HALLMARK_PEROXISOME,1,-0.19074075040233462,-0.606327817384172,91,down,EPHX2;ABCD2;ESR2;ABCB1,0.17893909319961088,0.12525736523972766,1.15288463259439,91,up
RSTRinTB,HALLMARK_PI3K_AKT_MTOR_SIGNALING,0.8589638638755702,0.21657908213319382,0.9113293791375358,92,up,MAPK10;TIAM1;CDK2;GRB2;CALR;SLC2A1;MAP2K3;MYD88;HSP90B1;TBK1;TNFRSF1A;ARPC3;RAC1;CFL1;AKT1;PAK4;ACTR2;ARHGDIA;ARF1;PIKFYVE;PFN1;DUSP3;CLTC;PTPN11;ACTR3;SLA;ACACA;AP2M1;VAV3;MAPKAP1;YWHAB;RIT1;RALB;CDK4;RPS6KA1;MKNK1;UBE2D3,0.080948177361678,0.037236161586371885,1.7947036165287533,92,up
RSTRinTB,HALLMARK_PROTEIN_SECRETION,0.0016380553007469532,0.4458280510858934,1.8741416144698242,91,up,ABCA1;BNIP3;OCRL;PAM;CD63;ARFGAP3;GALC;ICA1;AP2S1;SNX2;LAMP2;AP3S1;CTSC;CLTA;ERGIC3;PPT1;RAB5A;TMED2;ADAM10;COPB1;STAM;M6PR;ATP1A1;STX12;TMED10;ARF1;TMX1;VAMP4;SEC24D;CLTC;COPB2;VAMP7;AP2M1;KIF1B;GLA;VAMP3;ATP6V1H;AP3B1;SGMS1;DNM1L;GOLGA4;LMAN1;AP1G1;USO1;RAB9A;TSG101;COPE;DST;ARFIP1;RPS6KA3;RAB2A;RAB14;YKT6;STX16;SEC22B;SCAMP1,0.0014355975539534778,2.871195107906952e-4,3.518776789931406,91,up
RSTRinTB,HALLMARK_REACTIVE_OXYGEN_SPECIES_PATHWAY,0.8775243614545193,0.23287538749201903,0.8641521017878253,47,up,MSRA;GPX3;SOD2;JUNB;OXSR1;MPO;NQO1;FES;PRDX4;FTL;GPX4;NDUFA6,0.1571658466171623,0.09744282490264064,1.3073083892426003,47,up
RSTRinTB,HALLMARK_SPERMATOGENESIS,0.6374058458477427,-0.31876886273724814,-1.0041635657622785,84,down,PCSK1N;CAMK4;IL12RB2;ZC2HC1C;TSSK2;GFI1;CCT6B;STRBP;TKTL1;NCAPH;LPIN1;CLVS1;NEK2;CNIH2;CCNA1;GMCL1;GPR182;PHF7,0.5390300339840238,0.44200462786689954,0.14611336229075308,84,up
RSTRinTB,HALLMARK_TGF_BETA_SIGNALING,0.2630276178998795,0.3158087904825553,1.2021953922812176,53,up,SMAD6;THBS1;IFNGR2;LTBP2;ENG;RAB31;TJP1;CTNNB1;PPP1R15A;JUNB;CDKN1C;RHOA;FURIN;TGFBR1;SKIL;SMURF1;ID2;HIPK2,0.07728363934526232,0.03400480131191539,1.8441520232730892,53,up
RSTRinTB,HALLMARK_TNFA_SIGNALING_VIA_NFKB,0.0016595306847223606,0.5311333873640196,2.4746619997289017,199,up,AREG;FJX1;PTX3;VEGFA;PTGS2;CCL20;IL1B;HBEGF;IL6;IL1A;OLR1;NAMPT;DUSP1;G0S2;ABCA1;FOSL2;NR4A2;PLAUR;MXD1;LAMB3;GEM;CXCL3;NFIL3;FOS;CEBPD;PFKFB3;DUSP4;SLC2A3;FOSB;TLR2;MARCKS;EHD1;IFNGR2;PLK2;NR4A1;ETS2;PANX1;CXCL2;GPR183;CD44;TNFAIP6;IL18;TRIP10;RCAN1;DENND5A;TNIP1;SOCS3;NFKBIA;SOD2;HES1;DUSP2;IER3;YRDC;ATP2B1;NFKBIE;FUT4;CXCL1;BCL2A1;BCL3;NINJ1;CCL4;PNRC1;SLC16A6;SAT1;TNFAIP3;NFKB1;BHLHE40;INHBA;KYNU;PDE4B;NFKB2;IL7R;SERPINB2;BCL6;IL23A;PPP1R15A;B4GALT1;JUNB;MAP2K3;SPHK1;SLC2A6;CEBPB;ZFP36;IFIT2;F3;IER5;SERPINB8;RHOB;TNC;ZC3H12A;BIRC2;CSF2,4.763910165326328e-10,9.527820330652656e-12,6.914382202887931,199,up
RSTRinTB,HALLMARK_UNFOLDED_PROTEIN_RESPONSE,0.09163514573794106,0.29791149359969255,1.2820050603696445,106,up,VEGFA;DDIT4;ZBTB17;DNAJC3;WIPI1;SLC7A5;IFIT1;ERO1A;PDIA5;EXOSC4;HSPA5;CALR;PDIA6;HSP90B1;CEBPB;HYOU1;ATF6;EIF4EBP1;ATP6V0D1;BAG3;XBP1;SPCS3;EDEM1;EIF4G1;EIF4A1;YWHAZ;KIF5B;DNAJB9;PAIP1;NABP1;EXOSC10;SEC11A;CCL2;DCP2;FKBP14;HSPA9;LSM1;EDC4;YIF1A;ATF3;EIF2S1;SLC30A5;SEC31A;ATF4;EIF4E,0.008286175240586124,0.0019886820577406667,2.9195775814802176,106,up
RSTRinTB,HALLMARK_UV_RESPONSE_DN,0.5063058101090755,-0.3251364782520363,-1.066734549589272,127,down,MAP1B;COL5A2;TGFBR3;INPP4B;CDON;GCNT1;ATP2B4;CACNA1A;DBP;IRS1;SMAD3;SYNE1;FBLN5;ADD3;SCN8A;ARHGEF9;FYN;PIK3CD;PDGFRB;GRK5;KCNMA1;AMPH;TGFBR2;BMPR1A;CELF2;BCKDHB;RBPMS;MYC;PIK3R3;PRKCA;NR1D2;MGMT;SFMBT1;APBB2;MAP2K5;ERBB2,0.5108674972306236,0.3955379290288077,0.2651964363724282,127,up
RSTRinTB,HALLMARK_UV_RESPONSE_UP,0.006196810708088904,0.33354055636790503,1.489772281214196,140,up,IL6;TCHH;NPTX2;FOS;CTSV;FOSB;PTPRD;NR4A1;CXCL2;HTR7;GPX3;NFKBIA;SOD2;SPR;LYN;CDK2;MAOA;PRKCD;APOM;KCNH2;ALDOA;MMP14;TFRC;GRINA;PRKACA;DLG4;AP2S1;PARP2;POLR2H;JUNB;PPIF;CREG1;ATP6V1C1;CDKN1C;TMBIM6;ENO2;HMOX1;RHOB;CA2;PSMC3;FURIN;ATP6V1F;PPT1;BTG3;BSG;RPN1;NXF1;MGAT1;EPHX1;NUP58;STARD3;AGO2;RRAD;TST;PDAP1;BTG1;CDC5L;SHOX2;CASP3;UROD;ARRB2;CNP;GGH;BID;MAPK8IP2,0.0014209323609962311,2.5576782497932195e-4,3.517889204764516,140,up
RSTRinTB,HALLMARK_WNT_BETA_CATENIN_SIGNALING,0.3590204201970198,-0.4281168745202316,-1.2014059262620977,37,down,LEF1;AXIN2;PTCH1;TCF7;CCND2;JAG1;FZD8;KAT2A;MYC;NOTCH4;FRAT1;SKP2;TP53,0.880570131351663,0.8101245208435299,-0.8841016750088178,37,up
RSTRinTB,HALLMARK_XENOBIOTIC_METABOLISM,0.08489346151683815,0.27221779380744215,1.2323969997193418,157,up,AQP9;CES1;SMOX;GSTT2;PAPSS2;IL1R1;BCAT1;AOX1;CDA;TPST1;PC;ETS2;FAH;PROS1;CD36;ALDH2;GSTO1;MAOA;CYP2S1;UPP1;PTGES;NINJ1;EPHA2;MT2A;DDAH2;KYNU;PPARD;COMT;GCKR;PINK1;HPRT1;PGRMC1;UPB1;JUP;SERTAD1;TNFRSF1A;TMBIM6;NQO1;AKR1C2;HMOX1;CA2;VNN1;SLC6A6,0.018058908269086807,0.006862385142252991,2.478436266364727,157,up
